time,ee_x,ee_y,ee_z,tgt_x,tgt_y,tension_N,pos_error_m,cable_taut,cable_dist_m
0.0000,0.31424,0.00000,0.41287,0.55000,0.43301,0.0000,0.49320,1,0.48593
0.0200,0.31390,0.00266,0.41273,0.54999,0.43301,0.0000,0.49102,1,0.48628
0.0400,0.31296,0.01020,0.41236,0.54996,0.43299,0.0000,0.48485,1,0.48731
0.0600,0.31170,0.02156,0.41191,0.54992,0.43297,0.0000,0.47555,1,0.48892
0.0800,0.31037,0.03615,0.41151,0.54986,0.43293,0.0000,0.46360,1,0.49109
0.1000,0.30912,0.05355,0.41127,0.54978,0.43288,0.0000,0.44937,1,0.49392
0.1200,0.30799,0.07347,0.41133,0.54968,0.43283,0.0000,0.43322,1,0.49759
0.1400,0.30834,0.09529,0.41193,0.54956,0.43276,71.2798,0.41498,1,0.50095
0.1600,0.31365,0.11834,0.41397,0.54943,0.43268,36.2614,0.39319,1,0.50074
0.1800,0.32057,0.14330,0.41742,0.54928,0.43259,47.2725,0.36919,1,0.50069
0.2000,0.32935,0.16951,0.42229,0.54911,0.43250,56.7348,0.34344,1,0.50074
0.2200,0.34013,0.19621,0.42854,0.54892,0.43239,62.5604,0.31652,1,0.50079
0.2400,0.35281,0.22254,0.43602,0.54871,0.43227,63.3922,0.28924,1,0.50080
0.2600,0.36705,0.24767,0.44437,0.54849,0.43214,59.1080,0.26252,1,0.50076
0.2800,0.38234,0.27095,0.45304,0.54825,0.43200,51.1488,0.23722,1,0.50067
0.3000,0.39812,0.29203,0.46140,0.54799,0.43185,41.7626,0.21396,1,0.50055
0.3200,0.41388,0.31083,0.46883,0.54771,0.43168,32.9076,0.19302,1,0.50044
0.3400,0.42922,0.32749,0.47486,0.54742,0.43151,25.6233,0.17434,1,0.50033
0.3600,0.44387,0.34227,0.47916,0.54711,0.43133,20.1554,0.15766,1,0.50024
0.3800,0.45765,0.35541,0.48155,0.54678,0.43114,16.3308,0.14258,1,0.50017
0.4000,0.47048,0.36717,0.48199,0.54643,0.43093,13.8106,0.12868,1,0.50012
0.4200,0.48231,0.37773,0.48051,0.54607,0.43072,12.2557,0.11556,1,0.50009
0.4400,0.49315,0.38724,0.47721,0.54569,0.43049,11.3841,0.10292,1,0.50007
0.4600,0.50304,0.39580,0.47225,0.54529,0.43026,10.9771,0.09051,1,0.50006
0.4800,0.51202,0.40348,0.46582,0.54487,0.43001,10.8693,0.07820,1,0.50006
0.5000,0.52016,0.41033,0.45814,0.54444,0.42975,10.9364,0.06593,1,0.50006
0.5200,0.52753,0.41639,0.44943,0.54399,0.42949,11.0863,0.05371,1,0.50007
0.5400,0.53420,0.42169,0.43993,0.54352,0.42921,11.2527,0.04168,1,0.50007
0.5600,0.54023,0.42626,0.42988,0.54303,0.42892,11.3908,0.03013,1,0.50007
0.5800,0.54571,0.43015,0.41951,0.54253,0.42861,11.4728,0.01983,1,0.50007
0.6000,0.55069,0.43340,0.40904,0.54201,0.42830,11.4854,0.01353,1,0.50007
0.6200,0.55523,0.43606,0.39867,0.54148,0.42798,11.4264,0.01601,1,0.50007
0.6400,0.55937,0.43821,0.38859,0.54092,0.42764,11.3016,0.02413,1,0.50006
0.6600,0.56317,0.43991,0.37894,0.54035,0.42730,11.1222,0.03351,1,0.50006
0.6800,0.56665,0.44124,0.36988,0.53976,0.42694,10.9027,0.04283,1,0.50005
0.7000,0.56983,0.44225,0.36150,0.53916,0.42657,10.6587,0.05166,1,0.50004
0.7200,0.57275,0.44302,0.35389,0.53854,0.42619,10.4054,0.05983,1,0.50004
0.7400,0.57541,0.44362,0.34712,0.53790,0.42580,10.1570,0.06724,1,0.50003
0.7600,0.57783,0.44409,0.34123,0.53725,0.42540,9.9253,0.07382,1,0.50003
0.7800,0.58002,0.44448,0.33625,0.53658,0.42498,9.7196,0.07957,1,0.50002
0.8000,0.58196,0.44483,0.33219,0.53589,0.42455,9.5468,0.08446,1,0.50002
0.8200,0.58368,0.44517,0.32902,0.53519,0.42412,9.4107,0.08850,1,0.50001
0.8400,0.58516,0.44552,0.32675,0.53447,0.42367,9.3131,0.09172,1,0.50001
0.8600,0.58641,0.44588,0.32533,0.53373,0.42321,9.2532,0.09415,1,0.50001
0.8800,0.58742,0.44626,0.32472,0.53298,0.42273,9.2286,0.09583,1,0.50001
0.9000,0.58819,0.44665,0.32487,0.53222,0.42225,9.2355,0.09681,1,0.50001
0.9200,0.58872,0.44705,0.32574,0.53143,0.42175,9.2691,0.09714,1,0.50001
0.9400,0.58901,0.44743,0.32726,0.53063,0.42124,9.3240,0.09688,1,0.50001
0.9600,0.58906,0.44779,0.32936,0.52982,0.42072,9.3946,0.09608,1,0.50001
0.9800,0.58886,0.44811,0.33199,0.52899,0.42018,9.4756,0.09482,1,0.50001
1.0000,0.58842,0.44836,0.33507,0.52814,0.41964,9.5619,0.09314,1,0.50001
1.0200,0.58775,0.44853,0.33853,0.52728,0.41908,9.6493,0.09112,1,0.50001
1.0400,0.58683,0.44860,0.34230,0.52641,0.41851,9.7343,0.08880,1,0.50001
1.0600,0.58569,0.44856,0.34633,0.52552,0.41792,9.8141,0.08625,1,0.50001
1.0800,0.58432,0.44838,0.35054,0.52461,0.41733,9.8868,0.08352,1,0.50001
1.1000,0.58272,0.44807,0.35487,0.52369,0.41672,9.9515,0.08065,1,0.50002
1.1200,0.58091,0.44761,0.35926,0.52275,0.41609,10.0078,0.07769,1,0.50002
1.1400,0.57890,0.44700,0.36367,0.52180,0.41546,10.0561,0.07467,1,0.50002
1.1600,0.57669,0.44624,0.36803,0.52084,0.41481,10.0969,0.07162,1,0.50002
1.1800,0.57430,0.44532,0.37230,0.51986,0.41415,10.1314,0.06858,1,0.50002
1.2000,0.57174,0.44425,0.37646,0.51886,0.41347,10.1607,0.06555,1,0.50002
1.2200,0.56902,0.44304,0.38045,0.51785,0.41279,10.1861,0.06257,1,0.50002
1.2400,0.56615,0.44168,0.38426,0.51683,0.41209,10.2088,0.05963,1,0.50002
1.2600,0.56316,0.44020,0.38786,0.51579,0.41137,10.2297,0.05676,1,0.50001
1.2800,0.56005,0.43859,0.39123,0.51474,0.41064,10.2496,0.05396,1,0.50001
1.3000,0.55685,0.43688,0.39436,0.51368,0.40990,10.2693,0.05122,1,0.50001
1.3200,0.55358,0.43506,0.39724,0.51260,0.40915,10.2889,0.04856,1,0.50001
1.3400,0.55024,0.43316,0.39987,0.51151,0.40838,10.3085,0.04598,1,0.50001
1.3600,0.54686,0.43119,0.40224,0.51040,0.40760,10.3283,0.04348,1,0.50001
1.3800,0.54345,0.42916,0.40437,0.50929,0.40680,10.3477,0.04106,1,0.50001
1.4000,0.54004,0.42707,0.40625,0.50816,0.40599,10.3666,0.03873,1,0.50001
1.4200,0.53663,0.42495,0.40789,0.50701,0.40516,10.3845,0.03649,1,0.50001
1.4400,0.53325,0.42281,0.40930,0.50586,0.40433,10.4009,0.03433,1,0.50001
1.4600,0.52991,0.42065,0.41049,0.50469,0.40347,10.4153,0.03227,1,0.50001
1.4800,0.52662,0.41850,0.41148,0.50350,0.40260,10.4274,0.03031,1,0.50001
1.5000,0.52339,0.41635,0.41228,0.50231,0.40172,10.4367,0.02845,1,0.50001
1.5200,0.52025,0.41422,0.41291,0.50110,0.40083,10.4430,0.02669,1,0.50001
1.5400,0.51719,0.41212,0.41337,0.49989,0.39992,10.4462,0.02504,1,0.50001
1.5600,0.51422,0.41006,0.41368,0.49866,0.39899,10.4462,0.02349,1,0.50001
1.5800,0.51136,0.40805,0.41386,0.49742,0.39805,10.4430,0.02205,1,0.50001
1.6000,0.50860,0.40608,0.41391,0.49616,0.39709,10.4367,0.02072,1,0.50001
1.6200,0.50596,0.40418,0.41386,0.49490,0.39612,10.4274,0.01948,1,0.50001
1.6400,0.50344,0.40233,0.41371,0.49362,0.39514,10.4156,0.01833,1,0.50001
1.6600,0.50103,0.40056,0.41347,0.49234,0.39414,10.4013,0.01727,1,0.50001
1.6800,0.49875,0.39885,0.41316,0.49104,0.39312,10.3851,0.01629,1,0.50001
1.7000,0.49658,0.39721,0.41278,0.48973,0.39209,10.3672,0.01538,1,0.50001
1.7200,0.49453,0.39565,0.41235,0.48841,0.39104,10.3479,0.01453,1,0.50001
1.7400,0.49259,0.39416,0.41187,0.48708,0.38998,10.3277,0.01374,1,0.50001
1.7600,0.49076,0.39275,0.41135,0.48574,0.38890,10.3068,0.01299,1,0.50001
1.7800,0.48904,0.39140,0.41080,0.48440,0.38781,10.2855,0.01229,1,0.50001
1.8000,0.48742,0.39012,0.41022,0.48304,0.38670,10.2641,0.01164,1,0.50001
1.8200,0.48590,0.38891,0.40962,0.48167,0.38557,10.2429,0.01103,1,0.50001
1.8400,0.48446,0.38777,0.40900,0.48029,0.38443,10.2220,0.01047,1,0.50001
1.8600,0.48311,0.38668,0.40838,0.47891,0.38327,10.2015,0.00997,1,0.50001
1.8800,0.48184,0.38565,0.40774,0.47751,0.38210,10.1818,0.00955,1,0.50001
1.9000,0.48064,0.38466,0.40710,0.47611,0.38091,10.1627,0.00922,1,0.50001
1.9200,0.47950,0.38373,0.40646,0.47469,0.37970,10.1445,0.00900,1,0.50001
1.9400,0.47842,0.38283,0.40582,0.47327,0.37848,10.1272,0.00890,1,0.50001
1.9600,0.47739,0.38197,0.40518,0.47184,0.37724,10.1108,0.00894,1,0.50001
1.9800,0.47640,0.38114,0.40455,0.47040,0.37599,10.0954,0.00912,1,0.50001
2.0000,0.47544,0.38034,0.40393,0.46896,0.37471,10.0810,0.00944,1,0.50001
2.0200,0.47452,0.37955,0.40332,0.46751,0.37343,10.0676,0.00988,1,0.50001
2.0400,0.47362,0.37878,0.40271,0.46604,0.37212,10.0552,0.01044,1,0.50001
2.0600,0.47273,0.37802,0.40213,0.46458,0.37080,10.0438,0.01110,1,0.50001
2.0800,0.47186,0.37726,0.40155,0.46310,0.36946,10.0335,0.01183,1,0.50001
2.1000,0.47099,0.37651,0.40100,0.46162,0.36810,10.0241,0.01263,1,0.50001
2.1200,0.47012,0.37575,0.40046,0.46013,0.36673,10.0158,0.01347,1,0.50001
2.1400,0.46925,0.37498,0.39993,0.45864,0.36534,10.0084,0.01434,1,0.50001
2.1600,0.46837,0.37420,0.39943,0.45714,0.36393,10.0021,0.01523,1,0.50001
2.1800,0.46747,0.37340,0.39895,0.45563,0.36251,9.9967,0.01612,1,0.50001
2.2000,0.46656,0.37259,0.39849,0.45412,0.36107,9.9922,0.01702,1,0.50001
2.2200,0.46563,0.37175,0.39805,0.45261,0.35961,9.9887,0.01791,1,0.50001
2.2400,0.46467,0.37089,0.39763,0.45108,0.35813,9.9861,0.01879,1,0.50001
2.2600,0.46369,0.36999,0.39723,0.44956,0.35664,9.9845,0.01965,1,0.50001
2.2800,0.46268,0.36907,0.39686,0.44802,0.35512,9.9837,0.02048,1,0.50001
2.3000,0.46164,0.36812,0.39651,0.44649,0.35359,9.9838,0.02128,1,0.50001
2.3200,0.46057,0.36713,0.39619,0.44495,0.35205,9.9847,0.02205,1,0.50001
2.3400,0.45947,0.36610,0.39589,0.44340,0.35048,9.9864,0.02278,1,0.50001
2.3600,0.45833,0.36504,0.39562,0.44185,0.34890,9.9889,0.02347,1,0.50001
2.3800,0.45716,0.36393,0.39537,0.44030,0.34730,9.9921,0.02413,1,0.50001
2.4000,0.45595,0.36279,0.39515,0.43875,0.34568,9.9960,0.02475,1,0.50001
2.4200,0.45471,0.36161,0.39495,0.43719,0.34405,10.0006,0.02532,1,0.50001
2.4400,0.45344,0.36038,0.39477,0.43563,0.34239,10.0059,0.02585,1,0.50001
2.4600,0.45213,0.35911,0.39462,0.43406,0.34072,10.0117,0.02634,1,0.50001
2.4800,0.45078,0.35781,0.39450,0.43250,0.33903,10.0180,0.02678,1,0.50001
2.5000,0.44941,0.35646,0.39439,0.43093,0.33732,10.0249,0.02719,1,0.50001
2.5200,0.44800,0.35506,0.39431,0.42936,0.33560,10.0321,0.02755,1,0.50001
2.5400,0.44656,0.35363,0.39425,0.42779,0.33385,10.0398,0.02787,1,0.50001
2.5600,0.44509,0.35216,0.39422,0.42621,0.33209,10.0479,0.02815,1,0.50001
2.5800,0.44359,0.35064,0.39420,0.42464,0.33031,10.0562,0.02840,1,0.50001
2.6000,0.44207,0.34908,0.39420,0.42306,0.32851,10.0648,0.02860,1,0.50001
2.6200,0.44052,0.34749,0.39422,0.42149,0.32669,10.0736,0.02877,1,0.50001
2.6400,0.43894,0.34585,0.39426,0.41991,0.32486,10.0826,0.02891,1,0.50001
2.6600,0.43735,0.34418,0.39431,0.41833,0.32300,10.0917,0.02902,1,0.50001
2.6800,0.43573,0.34247,0.39438,0.41676,0.32113,10.1009,0.02910,1,0.50001
2.7000,0.43409,0.34072,0.39447,0.41518,0.31924,10.1102,0.02915,1,0.50001
2.7200,0.43244,0.33893,0.39456,0.41361,0.31733,10.1195,0.02917,1,0.50001
2.7400,0.43077,0.33712,0.39467,0.41203,0.31541,10.1287,0.02917,1,0.50001
2.7600,0.42908,0.33527,0.39479,0.41046,0.31346,10.1379,0.02915,1,0.50001
2.7800,0.42739,0.33338,0.39492,0.40889,0.31150,10.1471,0.02911,1,0.50001
2.8000,0.42568,0.33147,0.39506,0.40732,0.30952,10.1561,0.02905,1,0.50001
2.8200,0.42397,0.32952,0.39520,0.40575,0.30752,10.1650,0.02897,1,0.50001
2.8400,0.42224,0.32755,0.39535,0.40418,0.30550,10.1737,0.02888,1,0.50001
2.8600,0.42052,0.32555,0.39550,0.40262,0.30346,10.1824,0.02878,1,0.50001
2.8800,0.41878,0.32352,0.39566,0.40106,0.30141,10.1908,0.02867,1,0.50001
2.9000,0.41705,0.32146,0.39582,0.39950,0.29933,10.1991,0.02855,1,0.50001
2.9200,0.41531,0.31939,0.39599,0.39795,0.29724,10.2071,0.02842,1,0.50001
2.9400,0.41357,0.31728,0.39615,0.39640,0.29513,10.2150,0.02829,1,0.50001
2.9600,0.41183,0.31516,0.39631,0.39485,0.29300,10.2228,0.02816,1,0.50001
2.9800,0.41010,0.31301,0.39647,0.39330,0.29086,10.2303,0.02802,1,0.50001
3.0000,0.40837,0.31084,0.39663,0.39177,0.28869,10.2377,0.02788,1,0.50001
3.0200,0.40664,0.30865,0.39679,0.39023,0.28651,10.2449,0.02775,1,0.50001
3.0400,0.40492,0.30645,0.39694,0.38870,0.28431,10.2520,0.02761,1,0.50001
3.0600,0.40320,0.30422,0.39709,0.38718,0.28209,10.2589,0.02747,1,0.50001
3.0800,0.40149,0.30198,0.39724,0.38566,0.27986,10.2657,0.02734,1,0.50001
3.1000,0.39979,0.29972,0.39738,0.38414,0.27760,10.2725,0.02722,1,0.50001
3.1200,0.39809,0.29744,0.39751,0.38264,0.27533,10.2791,0.02709,1,0.50001
3.1400,0.39640,0.29515,0.39764,0.38113,0.27304,10.2857,0.02698,1,0.50001
3.1600,0.39473,0.29285,0.39776,0.37964,0.27073,10.2923,0.02686,1,0.50001
3.1800,0.39306,0.29053,0.39787,0.37815,0.26841,10.2988,0.02676,1,0.50001
3.2000,0.39140,0.28819,0.39798,0.37667,0.26607,10.3053,0.02666,1,0.50001
3.2200,0.38976,0.28584,0.39807,0.37519,0.26371,10.3119,0.02657,1,0.50001
3.2400,0.38812,0.28348,0.39817,0.37373,0.26133,10.3185,0.02648,1,0.50001
3.2600,0.38649,0.28111,0.39825,0.37227,0.25893,10.3252,0.02640,1,0.50001
3.2800,0.38488,0.27872,0.39832,0.37082,0.25652,10.3320,0.02633,1,0.50001
3.3000,0.38328,0.27632,0.39839,0.36937,0.25409,10.3389,0.02627,1,0.50001
3.3200,0.38169,0.27391,0.39845,0.36794,0.25164,10.3460,0.02621,1,0.50001
3.3400,0.38011,0.27148,0.39850,0.36651,0.24918,10.3532,0.02617,1,0.50001
3.3600,0.37854,0.26904,0.39855,0.36510,0.24669,10.3606,0.02612,1,0.50001
3.3800,0.37699,0.26659,0.39859,0.36369,0.24420,10.3682,0.02609,1,0.50001
3.4000,0.37545,0.26413,0.39862,0.36229,0.24168,10.3760,0.02606,1,0.50001
3.4200,0.37392,0.26166,0.39864,0.36090,0.23915,10.3840,0.02604,1,0.50001
3.4400,0.37240,0.25917,0.39866,0.35952,0.23660,10.3923,0.02602,1,0.50001
3.4600,0.37090,0.25667,0.39867,0.35815,0.23403,10.4008,0.02601,1,0.50001
3.4800,0.36940,0.25416,0.39868,0.35680,0.23145,10.4096,0.02600,1,0.50001
3.5000,0.36792,0.25163,0.39868,0.35545,0.22885,10.4187,0.02600,1,0.50001
3.5200,0.36645,0.24909,0.39867,0.35411,0.22624,10.4281,0.02601,1,0.50001
3.5400,0.36500,0.24654,0.39866,0.35279,0.22361,10.4378,0.02601,1,0.50001
3.5600,0.36355,0.24398,0.39865,0.35147,0.22096,10.4477,0.02603,1,0.50001
3.5800,0.36212,0.24140,0.39863,0.35017,0.21830,10.4580,0.02604,1,0.50001
3.6000,0.36070,0.23881,0.39861,0.34888,0.21562,10.4686,0.02606,1,0.50001
3.6200,0.35930,0.23620,0.39858,0.34761,0.21293,10.4794,0.02608,1,0.50001
3.6400,0.35790,0.23358,0.39856,0.34634,0.21022,10.4906,0.02610,1,0.50001
3.6600,0.35652,0.23095,0.39853,0.34509,0.20750,10.5021,0.02613,1,0.50001
3.6800,0.35515,0.22830,0.39850,0.34385,0.20476,10.5138,0.02615,1,0.50001
3.7000,0.35379,0.22563,0.39847,0.34262,0.20200,10.5259,0.02618,1,0.50001
3.7200,0.35245,0.22295,0.39843,0.34141,0.19923,10.5382,0.02621,1,0.50001
3.7400,0.35112,0.22026,0.39840,0.34021,0.19645,10.5508,0.02624,1,0.50001
3.7600,0.34980,0.21755,0.39837,0.33902,0.19365,10.5636,0.02626,1,0.50001
3.7800,0.34849,0.21482,0.39833,0.33785,0.19084,10.5766,0.02629,1,0.50001
3.8000,0.34720,0.21208,0.39830,0.33669,0.18801,10.5899,0.02632,1,0.50001
3.8200,0.34592,0.20933,0.39827,0.33555,0.18517,10.6034,0.02634,1,0.50001
3.8400,0.34465,0.20656,0.39824,0.33442,0.18231,10.6170,0.02637,1,0.50001
3.8600,0.34339,0.20377,0.39821,0.33331,0.17945,10.6308,0.02639,1,0.50001
3.8800,0.34215,0.20096,0.39818,0.33221,0.17656,10.6448,0.02641,1,0.50001
3.9000,0.34093,0.19815,0.39816,0.33113,0.17367,10.6588,0.02643,1,0.50001
3.9200,0.33971,0.19531,0.39814,0.33006,0.17076,10.6729,0.02645,1,0.50001
3.9400,0.33851,0.19246,0.39812,0.32901,0.16783,10.6871,0.02646,1,0.50002
3.9600,0.33733,0.18959,0.39810,0.32797,0.16490,10.7013,0.02647,1,0.50002
3.9800,0.33616,0.18671,0.39809,0.32696,0.16195,10.7155,0.02648,1,0.50002
4.0000,0.33500,0.18381,0.39808,0.32595,0.15899,10.7297,0.02648,1,0.50002
4.0200,0.33386,0.18089,0.39807,0.32497,0.15602,10.7438,0.02648,1,0.50002
4.0400,0.33273,0.17796,0.39807,0.32400,0.15303,10.7579,0.02648,1,0.50002
4.0600,0.33162,0.17501,0.39807,0.32304,0.15004,10.7717,0.02648,1,0.50002
4.0800,0.33052,0.17205,0.39807,0.32211,0.14703,10.7855,0.02647,1,0.50002
4.1000,0.32944,0.16908,0.39808,0.32119,0.14401,10.7990,0.02646,1,0.50002
4.1200,0.32838,0.16608,0.39809,0.32029,0.14098,10.8122,0.02644,1,0.50002
4.1400,0.32733,0.16307,0.39811,0.31940,0.13794,10.8252,0.02643,1,0.50002
4.1600,0.32630,0.16005,0.39813,0.31854,0.13488,10.8379,0.02640,1,0.50002
4.1800,0.32528,0.15702,0.39815,0.31769,0.13182,10.8502,0.02638,1,0.50002
4.2000,0.32428,0.15396,0.39818,0.31686,0.12875,10.8622,0.02635,1,0.50002
4.2200,0.32330,0.15090,0.39821,0.31605,0.12566,10.8737,0.02632,1,0.50002
4.2400,0.32234,0.14782,0.39825,0.31526,0.12257,10.8847,0.02628,1,0.50002
4.2600,0.32139,0.14473,0.39829,0.31448,0.11946,10.8952,0.02624,1,0.50002
4.2800,0.32046,0.14162,0.39833,0.31373,0.11635,10.9052,0.02620,1,0.50002
4.3000,0.31955,0.13850,0.39838,0.31299,0.11323,10.9146,0.02616,1,0.50002
4.3200,0.31866,0.13537,0.39843,0.31227,0.11010,10.9234,0.02611,1,0.50002
4.3400,0.31778,0.13222,0.39849,0.31157,0.10696,10.9315,0.02606,1,0.50002
4.3600,0.31693,0.12907,0.39854,0.31089,0.10381,10.9390,0.02601,1,0.50002
4.3800,0.31609,0.12590,0.39861,0.31024,0.10065,10.9457,0.02596,1,0.50002
4.4000,0.31528,0.12272,0.39867,0.30960,0.09748,10.9517,0.02590,1,0.50002
4.4200,0.31448,0.11953,0.39874,0.30898,0.09431,10.9569,0.02584,1,0.50002
4.4400,0.31370,0.11632,0.39881,0.30837,0.09113,10.9614,0.02578,1,0.50002
4.4600,0.31294,0.11311,0.39889,0.30779,0.08794,10.9650,0.02571,1,0.50002
4.4800,0.31221,0.10989,0.39896,0.30723,0.08475,10.9678,0.02565,1,0.50002
4.5000,0.31149,0.10665,0.39904,0.30669,0.08154,10.9697,0.02558,1,0.50002
4.5200,0.31079,0.10341,0.39913,0.30617,0.07833,10.9708,0.02551,1,0.50002
4.5400,0.31012,0.10016,0.39921,0.30567,0.07512,10.9711,0.02544,1,0.50002
4.5600,0.30946,0.09689,0.39930,0.30520,0.07190,10.9705,0.02537,1,0.50002
4.5800,0.30883,0.09362,0.39939,0.30474,0.06867,10.9690,0.02529,1,0.50002
4.6000,0.30821,0.09034,0.39948,0.30430,0.06544,10.9667,0.02522,1,0.50002
4.6200,0.30762,0.08706,0.39958,0.30388,0.06220,10.9636,0.02514,1,0.50002
4.6400,0.30705,0.08376,0.39967,0.30349,0.05895,10.9597,0.02506,1,0.50002
4.6600,0.30650,0.08046,0.39977,0.30311,0.05571,10.9550,0.02499,1,0.50002
4.6800,0.30597,0.07715,0.39987,0.30276,0.05245,10.9495,0.02491,1,0.50002
4.7000,0.30546,0.07383,0.39997,0.30243,0.04920,10.9433,0.02482,1,0.50002
4.7200,0.30498,0.07051,0.40007,0.30211,0.04593,10.9365,0.02474,1,0.50002
4.7400,0.30451,0.06718,0.40018,0.30182,0.04267,10.9290,0.02466,1,0.50002
4.7600,0.30407,0.06384,0.40028,0.30155,0.03940,10.9210,0.02458,1,0.50002
4.7800,0.30366,0.06050,0.40039,0.30131,0.03613,10.9125,0.02449,1,0.50002
4.8000,0.30326,0.05716,0.40050,0.30108,0.03285,10.9036,0.02441,1,0.50002
4.8200,0.30288,0.05381,0.40060,0.30088,0.02958,10.8943,0.02432,1,0.50002
4.8400,0.30253,0.05045,0.40071,0.30069,0.02630,10.8847,0.02423,1,0.50002
4.8600,0.30220,0.04709,0.40082,0.30053,0.02301,10.8749,0.02415,1,0.50002
4.8800,0.30190,0.04372,0.40093,0.30039,0.01973,10.8650,0.02406,1,0.50002
4.9000,0.30161,0.04036,0.40104,0.30027,0.01644,10.8551,0.02397,1,0.50002
4.9200,0.30135,0.03698,0.40115,0.30017,0.01316,10.8452,0.02388,1,0.50002
4.9400,0.30111,0.03361,0.40126,0.30010,0.00987,10.8354,0.02380,1,0.50002
4.9600,0.30090,0.03023,0.40137,0.30004,0.00658,10.8259,0.02371,1,0.50002
4.9800,0.30070,0.02685,0.40148,0.30001,0.00329,10.8166,0.02362,1,0.50002
5.0000,0.30053,0.02347,0.40160,0.30000,0.00000,10.8077,0.02353,1,0.50002
5.0200,0.30039,0.02009,0.40171,0.30001,-0.00329,10.7994,0.02344,1,0.50002
5.0400,0.30026,0.01670,0.40182,0.30004,-0.00658,10.7915,0.02335,1,0.50002
5.0600,0.30016,0.01332,0.40193,0.30010,-0.00987,10.7843,0.02327,1,0.50002
5.0800,0.30008,0.00993,0.40203,0.30017,-0.01316,10.7778,0.02318,1,0.50002
5.1000,0.30003,0.00655,0.40214,0.30027,-0.01644,10.7720,0.02309,1,0.50002
5.1200,0.30000,0.00316,0.40225,0.30039,-0.01973,10.7670,0.02301,1,0.50002
5.1400,0.29999,-0.00022,0.40236,0.30053,-0.02301,10.7628,0.02292,1,0.50002
5.1600,0.30000,-0.00360,0.40246,0.30069,-0.02630,10.7595,0.02284,1,0.50002
5.1800,0.30004,-0.00698,0.40256,0.30088,-0.02958,10.7572,0.02275,1,0.50002
5.2000,0.30010,-0.01036,0.40267,0.30108,-0.03285,10.7557,0.02267,1,0.50002
5.2200,0.30018,-0.01374,0.40277,0.30131,-0.03613,10.7551,0.02259,1,0.50002
5.2400,0.30028,-0.01711,0.40287,0.30155,-0.03940,10.7554,0.02251,1,0.50002
5.2600,0.30041,-0.02047,0.40296,0.30182,-0.04267,10.7566,0.02244,1,0.50002
5.2800,0.30056,-0.02384,0.40306,0.30211,-0.04593,10.7587,0.02236,1,0.50002
5.3000,0.30073,-0.02720,0.40315,0.30243,-0.04920,10.7615,0.02229,1,0.50002
5.3200,0.30093,-0.03055,0.40324,0.30276,-0.05245,10.7651,0.02222,1,0.50002
5.3400,0.30114,-0.03389,0.40333,0.30311,-0.05571,10.7693,0.02215,1,0.50002
5.3600,0.30138,-0.03723,0.40341,0.30349,-0.05895,10.7742,0.02209,1,0.50002
5.3800,0.30164,-0.04056,0.40349,0.30388,-0.06220,10.7795,0.02203,1,0.50002
5.4000,0.30192,-0.04389,0.40357,0.30430,-0.06544,10.7853,0.02197,1,0.50002
5.4200,0.30223,-0.04720,0.40364,0.30474,-0.06867,10.7914,0.02192,1,0.50002
5.4400,0.30255,-0.05051,0.40371,0.30520,-0.07190,10.7977,0.02187,1,0.50002
5.4600,0.30290,-0.05381,0.40378,0.30567,-0.07512,10.8042,0.02182,1,0.50002
5.4800,0.30327,-0.05710,0.40384,0.30617,-0.07833,10.8106,0.02178,1,0.50002
5.5000,0.30366,-0.06037,0.40390,0.30669,-0.08154,10.8169,0.02174,1,0.50002
5.5200,0.30406,-0.06364,0.40396,0.30723,-0.08475,10.8230,0.02171,1,0.50002
5.5400,0.30449,-0.06689,0.40401,0.30779,-0.08794,10.8288,0.02168,1,0.50002
5.5600,0.30494,-0.07014,0.40405,0.30837,-0.09113,10.8342,0.02166,1,0.50002
5.5800,0.30541,-0.07337,0.40410,0.30898,-0.09431,10.8391,0.02164,1,0.50002
5.6000,0.30590,-0.07659,0.40413,0.30960,-0.09748,10.8434,0.02162,1,0.50002
5.6200,0.30641,-0.07979,0.40416,0.31024,-0.10065,10.8471,0.02161,1,0.50002
5.6400,0.30693,-0.08298,0.40419,0.31089,-0.10381,10.8500,0.02161,1,0.50002
5.6600,0.30748,-0.08616,0.40421,0.31157,-0.10696,10.8522,0.02161,1,0.50002
5.6800,0.30804,-0.08933,0.40423,0.31227,-0.11010,10.8535,0.02162,1,0.50002
5.7000,0.30863,-0.09248,0.40424,0.31299,-0.11323,10.8540,0.02163,1,0.50002
5.7200,0.30923,-0.09561,0.40425,0.31373,-0.11635,10.8536,0.02164,1,0.50002
5.7400,0.30985,-0.09874,0.40426,0.31448,-0.11946,10.8524,0.02166,1,0.50002
5.7600,0.31048,-0.10184,0.40425,0.31526,-0.12257,10.8502,0.02169,1,0.50002
5.7800,0.31114,-0.10494,0.40425,0.31605,-0.12566,10.8472,0.02172,1,0.50002
5.8000,0.31181,-0.10802,0.40424,0.31686,-0.12875,10.8433,0.02175,1,0.50002
5.8200,0.31250,-0.11108,0.40422,0.31769,-0.13182,10.8387,0.02179,1,0.50002
5.8400,0.31320,-0.11413,0.40420,0.31854,-0.13488,10.8332,0.02184,1,0.50002
5.8600,0.31392,-0.11717,0.40418,0.31940,-0.13794,10.8270,0.02188,1,0.50002
5.8800,0.31466,-0.12019,0.40415,0.32029,-0.14098,10.8201,0.02193,1,0.50002
5.9000,0.31542,-0.12320,0.40412,0.32119,-0.14401,10.8126,0.02199,1,0.50002
5.9200,0.31619,-0.12619,0.40409,0.32211,-0.14703,10.8045,0.02204,1,0.50002
5.9400,0.31697,-0.12917,0.40405,0.32304,-0.15004,10.7959,0.02210,1,0.50002
5.9600,0.31778,-0.13214,0.40401,0.32400,-0.15303,10.7868,0.02217,1,0.50002
5.9800,0.31860,-0.13509,0.40397,0.32497,-0.15602,10.7773,0.02223,1,0.50002
6.0000,0.31943,-0.13803,0.40393,0.32595,-0.15899,10.7675,0.02230,1,0.50002
6.0200,0.32028,-0.14096,0.40388,0.32696,-0.16195,10.7574,0.02237,1,0.50002
6.0400,0.32115,-0.14387,0.40383,0.32797,-0.16490,10.7471,0.02244,1,0.50002
6.0600,0.32203,-0.14678,0.40379,0.32901,-0.16783,10.7366,0.02251,1,0.50002
6.0800,0.32292,-0.14967,0.40374,0.33006,-0.17076,10.7260,0.02258,1,0.50002
6.1000,0.32384,-0.15254,0.40369,0.33113,-0.17367,10.7153,0.02265,1,0.50002
6.1200,0.32476,-0.15541,0.40364,0.33221,-0.17656,10.7046,0.02272,1,0.50002
6.1400,0.32570,-0.15826,0.40358,0.33331,-0.17945,10.6938,0.02279,1,0.50002
6.1600,0.32666,-0.16110,0.40353,0.33442,-0.18231,10.6831,0.02286,1,0.50002
6.1800,0.32763,-0.16393,0.40348,0.33555,-0.18517,10.6724,0.02293,1,0.50002
6.2000,0.32862,-0.16675,0.40343,0.33669,-0.18801,10.6618,0.02300,1,0.50002
6.2200,0.32962,-0.16955,0.40339,0.33785,-0.19084,10.6512,0.02307,1,0.50002
6.2400,0.33064,-0.17235,0.40334,0.33902,-0.19365,10.6408,0.02314,1,0.50002
6.2600,0.33167,-0.17513,0.40329,0.34021,-0.19645,10.6304,0.02320,1,0.50001
6.2800,0.33271,-0.17790,0.40325,0.34141,-0.19923,10.6202,0.02327,1,0.50001
6.3000,0.33377,-0.18066,0.40320,0.34262,-0.20200,10.6100,0.02333,1,0.50001
6.3200,0.33485,-0.18341,0.40316,0.34385,-0.20476,10.6000,0.02339,1,0.50001
6.3400,0.33594,-0.18614,0.40312,0.34509,-0.20750,10.5901,0.02344,1,0.50001
6.3600,0.33704,-0.18886,0.40308,0.34634,-0.21022,10.5803,0.02350,1,0.50001
6.3800,0.33815,-0.19158,0.40304,0.34761,-0.21293,10.5705,0.02355,1,0.50001
6.4000,0.33928,-0.19428,0.40301,0.34888,-0.21562,10.5609,0.02360,1,0.50001
6.4200,0.34042,-0.19696,0.40297,0.35017,-0.21830,10.5513,0.02365,1,0.50001
6.4400,0.34158,-0.19964,0.40294,0.35147,-0.22096,10.5418,0.02369,1,0.50001
6.4600,0.34275,-0.20230,0.40291,0.35279,-0.22361,10.5324,0.02373,1,0.50001
6.4800,0.34393,-0.20495,0.40288,0.35411,-0.22624,10.5231,0.02377,1,0.50001
6.5000,0.34512,-0.20759,0.40285,0.35545,-0.22885,10.5138,0.02381,1,0.50001
6.5200,0.34633,-0.21021,0.40283,0.35680,-0.23145,10.5045,0.02385,1,0.50001
6.5400,0.34755,-0.21282,0.40280,0.35815,-0.23403,10.4953,0.02388,1,0.50001
6.5600,0.34878,-0.21542,0.40278,0.35952,-0.23660,10.4862,0.02391,1,0.50001
6.5800,0.35002,-0.21800,0.40276,0.36090,-0.23915,10.4771,0.02394,1,0.50001
6.6000,0.35128,-0.22057,0.40273,0.36229,-0.24168,10.4680,0.02396,1,0.50001
6.6200,0.35254,-0.22313,0.40271,0.36369,-0.24420,10.4590,0.02399,1,0.50001
6.6400,0.35382,-0.22567,0.40269,0.36510,-0.24669,10.4500,0.02401,1,0.50001
6.6600,0.35511,-0.22820,0.40267,0.36651,-0.24918,10.4411,0.02403,1,0.50001
6.6800,0.35640,-0.23071,0.40265,0.36794,-0.25164,10.4322,0.02404,1,0.50001
6.7000,0.35771,-0.23321,0.40263,0.36937,-0.25409,10.4234,0.02406,1,0.50001
6.7200,0.35903,-0.23570,0.40261,0.37082,-0.25652,10.4147,0.02407,1,0.50001
6.7400,0.36036,-0.23817,0.40260,0.37227,-0.25893,10.4060,0.02408,1,0.50001
6.7600,0.36170,-0.24062,0.40258,0.37373,-0.26133,10.3973,0.02408,1,0.50001
6.7800,0.36305,-0.24306,0.40256,0.37519,-0.26371,10.3888,0.02409,1,0.50001
6.8000,0.36440,-0.24548,0.40254,0.37667,-0.26607,10.3803,0.02409,1,0.50001
6.8200,0.36577,-0.24789,0.40252,0.37815,-0.26841,10.3720,0.02409,1,0.50001
6.8400,0.36715,-0.25029,0.40250,0.37964,-0.27073,10.3637,0.02409,1,0.50001
6.8600,0.36853,-0.25266,0.40247,0.38113,-0.27304,10.3555,0.02409,1,0.50001
6.8800,0.36992,-0.25503,0.40245,0.38264,-0.27533,10.3474,0.02408,1,0.50001
6.9000,0.37132,-0.25737,0.40243,0.38414,-0.27760,10.3394,0.02407,1,0.50001
6.9200,0.37273,-0.25971,0.40241,0.38566,-0.27986,10.3316,0.02406,1,0.50001
6.9400,0.37415,-0.26202,0.40238,0.38718,-0.28209,10.3239,0.02405,1,0.50001
6.9600,0.37557,-0.26432,0.40236,0.38870,-0.28431,10.3162,0.02403,1,0.50001
6.9800,0.37700,-0.26661,0.40233,0.39023,-0.28651,10.3087,0.02402,1,0.50001
7.0000,0.37844,-0.26887,0.40230,0.39177,-0.28869,10.3014,0.02399,1,0.50001
7.0200,0.37988,-0.27113,0.40228,0.39330,-0.29086,10.2941,0.02397,1,0.50001
7.0400,0.38134,-0.27336,0.40225,0.39485,-0.29300,10.2870,0.02395,1,0.50001
7.0600,0.38279,-0.27558,0.40222,0.39640,-0.29513,10.2800,0.02392,1,0.50001
7.0800,0.38426,-0.27779,0.40219,0.39795,-0.29724,10.2732,0.02389,1,0.50001
7.1000,0.38573,-0.27997,0.40216,0.39950,-0.29933,10.2665,0.02385,1,0.50001
7.1200,0.38721,-0.28215,0.40212,0.40106,-0.30141,10.2599,0.02382,1,0.50001
7.1400,0.38869,-0.28430,0.40209,0.40262,-0.30346,10.2534,0.02378,1,0.50001
7.1600,0.39017,-0.28644,0.40206,0.40418,-0.30550,10.2471,0.02374,1,0.50001
7.1800,0.39167,-0.28857,0.40203,0.40575,-0.30752,10.2409,0.02370,1,0.50001
7.2000,0.39316,-0.29067,0.40199,0.40732,-0.30952,10.2348,0.02365,1,0.50001
7.2200,0.39467,-0.29276,0.40196,0.40889,-0.31150,10.2288,0.02360,1,0.50001
7.2400,0.39617,-0.29484,0.40192,0.41046,-0.31346,10.2229,0.02355,1,0.50001
7.2600,0.39768,-0.29690,0.40189,0.41203,-0.31541,10.2172,0.02349,1,0.50001
7.2800,0.39920,-0.29894,0.40185,0.41361,-0.31733,10.2116,0.02344,1,0.50001
7.3000,0.40072,-0.30097,0.40181,0.41518,-0.31924,10.2061,0.02338,1,0.50001
7.3200,0.40224,-0.30297,0.40178,0.41676,-0.32113,10.2007,0.02332,1,0.50001
7.3400,0.40376,-0.30497,0.40174,0.41833,-0.32300,10.1954,0.02325,1,0.50001
7.3600,0.40529,-0.30694,0.40171,0.41991,-0.32486,10.1902,0.02318,1,0.50001
7.3800,0.40682,-0.30890,0.40167,0.42149,-0.32669,10.1851,0.02311,1,0.50001
7.4000,0.40836,-0.31084,0.40163,0.42306,-0.32851,10.1802,0.02304,1,0.50001
7.4200,0.40989,-0.31277,0.40160,0.42464,-0.33031,10.1753,0.02297,1,0.50001
7.4400,0.41143,-0.31468,0.40156,0.42621,-0.33209,10.1705,0.02289,1,0.50001
7.4600,0.41297,-0.31657,0.40152,0.42779,-0.33385,10.1658,0.02281,1,0.50001
7.4800,0.41451,-0.31844,0.40149,0.42936,-0.33560,10.1612,0.02273,1,0.50001
7.5000,0.41606,-0.32030,0.40145,0.43093,-0.33732,10.1567,0.02265,1,0.50001
7.5200,0.41760,-0.32214,0.40142,0.43250,-0.33903,10.1523,0.02256,1,0.50001
7.5400,0.41914,-0.32397,0.40138,0.43406,-0.34072,10.1479,0.02248,1,0.50001
7.5600,0.42069,-0.32577,0.40135,0.43563,-0.34239,10.1437,0.02239,1,0.50001
7.5800,0.42223,-0.32756,0.40132,0.43719,-0.34405,10.1395,0.02229,1,0.50001
7.6000,0.42378,-0.32934,0.40128,0.43875,-0.34568,10.1354,0.02220,1,0.50001
7.6200,0.42532,-0.33109,0.40125,0.44030,-0.34730,10.1314,0.02211,1,0.50001
7.6400,0.42686,-0.33283,0.40122,0.44185,-0.34890,10.1275,0.02201,1,0.50001
7.6600,0.42841,-0.33455,0.40118,0.44340,-0.35048,10.1236,0.02191,1,0.50001
7.6800,0.42995,-0.33626,0.40115,0.44495,-0.35205,10.1198,0.02181,1,0.50001
7.7000,0.43149,-0.33794,0.40112,0.44649,-0.35359,10.1161,0.02171,1,0.50001
7.7200,0.43303,-0.33961,0.40109,0.44802,-0.35512,10.1125,0.02160,1,0.50001
7.7400,0.43456,-0.34127,0.40106,0.44956,-0.35664,10.1090,0.02150,1,0.50001
7.7600,0.43610,-0.34290,0.40103,0.45108,-0.35813,10.1055,0.02139,1,0.50001
7.7800,0.43763,-0.34452,0.40100,0.45261,-0.35961,10.1021,0.02128,1,0.50001
7.8000,0.43916,-0.34612,0.40098,0.45412,-0.36107,10.0988,0.02117,1,0.50001
7.8200,0.44068,-0.34771,0.40095,0.45563,-0.36251,10.0955,0.02106,1,0.50001
7.8400,0.44221,-0.34927,0.40092,0.45714,-0.36393,10.0923,0.02095,1,0.50001
7.8600,0.44373,-0.35082,0.40090,0.45864,-0.36534,10.0892,0.02083,1,0.50001
7.8800,0.44524,-0.35236,0.40087,0.46013,-0.36673,10.0861,0.02072,1,0.50001
7.9000,0.44675,-0.35387,0.40084,0.46162,-0.36810,10.0832,0.02060,1,0.50001
7.9200,0.44826,-0.35537,0.40082,0.46310,-0.36946,10.0802,0.02048,1,0.50001
7.9400,0.44977,-0.35685,0.40079,0.46458,-0.37080,10.0774,0.02036,1,0.50001
7.9600,0.45126,-0.35832,0.40077,0.46604,-0.37212,10.0746,0.02024,1,0.50001
7.9800,0.45276,-0.35976,0.40075,0.46751,-0.37343,10.0719,0.02012,1,0.50001
8.0000,0.45425,-0.36119,0.40072,0.46896,-0.37471,10.0692,0.01999,1,0.50001
8.0200,0.45573,-0.36261,0.40070,0.47040,-0.37599,10.0666,0.01987,1,0.50001
8.0400,0.45721,-0.36401,0.40068,0.47184,-0.37724,10.0640,0.01974,1,0.50001
8.0600,0.45868,-0.36539,0.40066,0.47327,-0.37848,10.0616,0.01962,1,0.50001
8.0800,0.46015,-0.36675,0.40064,0.47469,-0.37970,10.0591,0.01949,1,0.50001
8.1000,0.46161,-0.36810,0.40062,0.47611,-0.38091,10.0567,0.01936,1,0.50001
8.1200,0.46306,-0.36943,0.40060,0.47751,-0.38210,10.0544,0.01923,1,0.50001
8.1400,0.46451,-0.37074,0.40057,0.47891,-0.38327,10.0522,0.01909,1,0.50001
8.1600,0.46595,-0.37204,0.40055,0.48029,-0.38443,10.0500,0.01896,1,0.50001
8.1800,0.46738,-0.37333,0.40054,0.48167,-0.38557,10.0478,0.01883,1,0.50001
8.2000,0.46881,-0.37459,0.40052,0.48304,-0.38670,10.0457,0.01869,1,0.50001
8.2200,0.47023,-0.37584,0.40050,0.48440,-0.38781,10.0436,0.01855,1,0.50001
8.2400,0.47164,-0.37708,0.40048,0.48574,-0.38890,10.0416,0.01841,1,0.50001
8.2600,0.47304,-0.37829,0.40046,0.48708,-0.38998,10.0397,0.01827,1,0.50001
8.2800,0.47444,-0.37949,0.40044,0.48841,-0.39104,10.0378,0.01813,1,0.50001
8.3000,0.47583,-0.38068,0.40042,0.48973,-0.39209,10.0359,0.01799,1,0.50001
8.3200,0.47721,-0.38185,0.40040,0.49104,-0.39312,10.0341,0.01785,1,0.50001
8.3400,0.47858,-0.38301,0.40039,0.49234,-0.39414,10.0323,0.01770,1,0.50001
8.3600,0.47994,-0.38415,0.40037,0.49362,-0.39514,10.0306,0.01755,1,0.50001
8.3800,0.48129,-0.38527,0.40035,0.49490,-0.39612,10.0289,0.01741,1,0.50001
8.4000,0.48264,-0.38638,0.40033,0.49616,-0.39709,10.0272,0.01726,1,0.50001
8.4200,0.48397,-0.38747,0.40032,0.49742,-0.39805,10.0256,0.01711,1,0.50001
8.4400,0.48530,-0.38855,0.40030,0.49866,-0.39899,10.0241,0.01695,1,0.50001
8.4600,0.48662,-0.38961,0.40028,0.49989,-0.39992,10.0225,0.01680,1,0.50001
8.4800,0.48792,-0.39066,0.40026,0.50110,-0.40083,10.0210,0.01665,1,0.50001
8.5000,0.48922,-0.39169,0.40025,0.50231,-0.40172,10.0196,0.01649,1,0.50001
8.5200,0.49051,-0.39271,0.40023,0.50350,-0.40260,10.0181,0.01633,1,0.50001
8.5400,0.49179,-0.39372,0.40021,0.50469,-0.40347,10.0168,0.01617,1,0.50001
8.5600,0.49306,-0.39470,0.40020,0.50586,-0.40433,10.0154,0.01601,1,0.50001
8.5800,0.49431,-0.39568,0.40018,0.50701,-0.40516,10.0141,0.01585,1,0.50001
8.6000,0.49556,-0.39664,0.40016,0.50816,-0.40599,10.0128,0.01569,1,0.50001
8.6200,0.49679,-0.39758,0.40015,0.50929,-0.40680,10.0115,0.01552,1,0.50001
8.6400,0.49802,-0.39852,0.40013,0.51040,-0.40760,10.0103,0.01536,1,0.50001
8.6600,0.49923,-0.39943,0.40012,0.51151,-0.40838,10.0091,0.01519,1,0.50001
8.6800,0.50044,-0.40034,0.40010,0.51260,-0.40915,10.0079,0.01502,1,0.50001
8.7000,0.50163,-0.40122,0.40008,0.51368,-0.40990,10.0068,0.01485,1,0.50001
8.7200,0.50281,-0.40210,0.40007,0.51474,-0.41064,10.0057,0.01468,1,0.50001
8.7400,0.50398,-0.40296,0.40005,0.51579,-0.41137,10.0046,0.01450,1,0.50001
8.7600,0.50513,-0.40381,0.40004,0.51683,-0.41209,10.0036,0.01433,1,0.50001
8.7800,0.50628,-0.40464,0.40002,0.51785,-0.41279,10.0025,0.01415,1,0.50001
8.8000,0.50741,-0.40546,0.40000,0.51886,-0.41347,10.0015,0.01397,1,0.50001
8.8200,0.50854,-0.40627,0.39999,0.51986,-0.41415,10.0006,0.01379,1,0.50001
8.8400,0.50964,-0.40706,0.39997,0.52084,-0.41481,9.9996,0.01361,1,0.50001
8.8600,0.51074,-0.40784,0.39996,0.52180,-0.41546,9.9987,0.01343,1,0.50001
8.8800,0.51183,-0.40861,0.39994,0.52275,-0.41609,9.9978,0.01324,1,0.50001
8.9000,0.51290,-0.40936,0.39993,0.52369,-0.41672,9.9969,0.01306,1,0.50001
8.9200,0.51396,-0.41010,0.39991,0.52461,-0.41733,9.9960,0.01287,1,0.50001
8.9400,0.51500,-0.41083,0.39989,0.52552,-0.41792,9.9952,0.01268,1,0.50001
8.9600,0.51604,-0.41155,0.39988,0.52641,-0.41851,9.9944,0.01249,1,0.50001
8.9800,0.51706,-0.41225,0.39986,0.52728,-0.41908,9.9936,0.01230,1,0.50001
9.0000,0.51806,-0.41294,0.39985,0.52814,-0.41964,9.9928,0.01210,1,0.50001
9.0200,0.51906,-0.41362,0.39983,0.52899,-0.42018,9.9921,0.01191,1,0.50001
9.0400,0.52004,-0.41428,0.39982,0.52982,-0.42072,9.9914,0.01171,1,0.50001
9.0600,0.52101,-0.41493,0.39980,0.53063,-0.42124,9.9907,0.01151,1,0.50001
9.0800,0.52196,-0.41557,0.39979,0.53143,-0.42175,9.9900,0.01131,1,0.50001
9.1000,0.52290,-0.41620,0.39977,0.53222,-0.42225,9.9893,0.01111,1,0.50001
9.1200,0.52382,-0.41681,0.39976,0.53298,-0.42273,9.9886,0.01091,1,0.50001
9.1400,0.52474,-0.41742,0.39974,0.53373,-0.42321,9.9880,0.01070,1,0.50001
9.1600,0.52564,-0.41801,0.39973,0.53447,-0.42367,9.9874,0.01050,1,0.50001
9.1800,0.52652,-0.41859,0.39972,0.53519,-0.42412,9.9868,0.01029,1,0.50001
9.2000,0.52739,-0.41915,0.39970,0.53589,-0.42455,9.9862,0.01008,1,0.50001
9.2200,0.52824,-0.41971,0.39969,0.53658,-0.42498,9.9857,0.00987,1,0.50001
9.2400,0.52908,-0.42025,0.39967,0.53725,-0.42540,9.9851,0.00966,1,0.50001
9.2600,0.52991,-0.42078,0.39966,0.53790,-0.42580,9.9846,0.00944,1,0.50001
9.2800,0.53072,-0.42130,0.39964,0.53854,-0.42619,9.9841,0.00923,1,0.50001
9.3000,0.53152,-0.42181,0.39963,0.53916,-0.42657,9.9836,0.00901,1,0.50001
9.3200,0.53230,-0.42231,0.39962,0.53976,-0.42694,9.9831,0.00879,1,0.50001
9.3400,0.53307,-0.42279,0.39960,0.54035,-0.42730,9.9826,0.00857,1,0.50001
9.3600,0.53382,-0.42327,0.39959,0.54092,-0.42764,9.9822,0.00835,1,0.50001
9.3800,0.53456,-0.42373,0.39957,0.54148,-0.42798,9.9817,0.00813,1,0.50001
9.4000,0.53528,-0.42418,0.39956,0.54201,-0.42830,9.9813,0.00790,1,0.50001
9.4200,0.53599,-0.42462,0.39955,0.54253,-0.42861,9.9809,0.00768,1,0.50001
9.4400,0.53668,-0.42505,0.39953,0.54303,-0.42892,9.9805,0.00745,1,0.50001
9.4600,0.53736,-0.42547,0.39952,0.54352,-0.42921,9.9801,0.00722,1,0.50001
9.4800,0.53802,-0.42588,0.39951,0.54399,-0.42949,9.9797,0.00699,1,0.50001
9.5000,0.53866,-0.42627,0.39949,0.54444,-0.42975,9.9794,0.00676,1,0.50001
9.5200,0.53929,-0.42666,0.39948,0.54487,-0.43001,9.9790,0.00653,1,0.50001
9.5400,0.53991,-0.42703,0.39947,0.54529,-0.43026,9.9787,0.00629,1,0.50001
9.5600,0.54051,-0.42740,0.39945,0.54569,-0.43049,9.9784,0.00606,1,0.50001
9.5800,0.54109,-0.42775,0.39944,0.54607,-0.43072,9.9781,0.00582,1,0.50001
9.6000,0.54166,-0.42809,0.39943,0.54643,-0.43093,9.9778,0.00559,1,0.50001
9.6200,0.54221,-0.42843,0.39941,0.54678,-0.43114,9.9775,0.00535,1,0.50001
9.6400,0.54274,-0.42875,0.39940,0.54711,-0.43133,9.9772,0.00511,1,0.50001
9.6600,0.54326,-0.42906,0.39939,0.54742,-0.43151,9.9769,0.00487,1,0.50001
9.6800,0.54376,-0.42936,0.39937,0.54771,-0.43168,9.9767,0.00463,1,0.50001
9.7000,0.54425,-0.42965,0.39936,0.54799,-0.43185,9.9764,0.00438,1,0.50001
9.7200,0.54472,-0.42993,0.39935,0.54825,-0.43200,9.9762,0.00414,1,0.50001
9.7400,0.54517,-0.43020,0.39934,0.54849,-0.43214,9.9759,0.00390,1,0.50001
9.7600,0.54561,-0.43046,0.39932,0.54871,-0.43227,9.9757,0.00366,1,0.50001
9.7800,0.54603,-0.43070,0.39931,0.54892,-0.43239,9.9755,0.00341,1,0.50001
9.8000,0.54644,-0.43094,0.39930,0.54911,-0.43250,9.9753,0.00317,1,0.50001
9.8200,0.54682,-0.43117,0.39928,0.54928,-0.43259,9.9751,0.00292,1,0.50001
9.8400,0.54719,-0.43139,0.39927,0.54943,-0.43268,9.9749,0.00268,1,0.50001
9.8600,0.54755,-0.43159,0.39926,0.54956,-0.43276,9.9747,0.00244,1,0.50001
9.8800,0.54789,-0.43179,0.39925,0.54968,-0.43283,9.9746,0.00220,1,0.50001
9.9000,0.54821,-0.43198,0.39923,0.54978,-0.43288,9.9744,0.00197,1,0.50001
9.9200,0.54851,-0.43216,0.39922,0.54986,-0.43293,9.9742,0.00174,1,0.50001
9.9400,0.54880,-0.43232,0.39921,0.54992,-0.43297,9.9741,0.00152,1,0.50001
9.9600,0.54907,-0.43248,0.39920,0.54996,-0.43299,9.9740,0.00131,1,0.50001
9.9800,0.54932,-0.43263,0.39918,0.54999,-0.43301,9.9738,0.00112,1,0.50001
10.0000,0.54956,-0.43276,0.39917,0.55000,-0.43301,9.9737,0.00097,1,0.50001
10.0200,0.54977,-0.43289,0.39916,0.54999,-0.43301,9.9736,0.00088,1,0.50001
10.0400,0.54997,-0.43300,0.39915,0.54996,-0.43299,9.9735,0.00085,1,0.50001
10.0600,0.55016,-0.43311,0.39914,0.54992,-0.43297,9.9734,0.00091,1,0.50001
10.0800,0.55033,-0.43321,0.39912,0.54986,-0.43293,9.9733,0.00103,1,0.50001
10.1000,0.55047,-0.43329,0.39911,0.54978,-0.43288,9.9732,0.00120,1,0.50001
10.1200,0.55061,-0.43337,0.39910,0.54968,-0.43283,9.9731,0.00140,1,0.50001
10.1400,0.55072,-0.43343,0.39909,0.54956,-0.43276,9.9730,0.00162,1,0.50001
10.1600,0.55082,-0.43349,0.39907,0.54943,-0.43268,9.9730,0.00186,1,0.50001
10.1800,0.55090,-0.43354,0.39906,0.54928,-0.43259,9.9729,0.00210,1,0.50001
10.2000,0.55096,-0.43357,0.39905,0.54911,-0.43250,9.9729,0.00234,1,0.50001
10.2200,0.55100,-0.43360,0.39904,0.54892,-0.43239,9.9728,0.00259,1,0.50001
10.2400,0.55103,-0.43361,0.39903,0.54871,-0.43227,9.9728,0.00285,1,0.50001
10.2600,0.55104,-0.43362,0.39901,0.54849,-0.43214,9.9727,0.00311,1,0.50001
10.2800,0.55103,-0.43361,0.39900,0.54825,-0.43200,9.9727,0.00337,1,0.50001
10.3000,0.55100,-0.43360,0.39899,0.54799,-0.43185,9.9727,0.00363,1,0.50001
10.3200,0.55096,-0.43357,0.39898,0.54771,-0.43168,9.9727,0.00389,1,0.50001
10.3400,0.55089,-0.43353,0.39897,0.54742,-0.43151,9.9727,0.00415,1,0.50001
10.3600,0.55081,-0.43349,0.39896,0.54711,-0.43133,9.9727,0.00441,1,0.50001
10.3800,0.55072,-0.43343,0.39894,0.54678,-0.43114,9.9727,0.00468,1,0.50001
10.4000,0.55060,-0.43336,0.39893,0.54643,-0.43093,9.9728,0.00494,1,0.50001
10.4200,0.55047,-0.43329,0.39892,0.54607,-0.43072,9.9728,0.00520,1,0.50001
10.4400,0.55031,-0.43320,0.39891,0.54569,-0.43049,9.9729,0.00547,1,0.50001
10.4600,0.55014,-0.43310,0.39890,0.54529,-0.43026,9.9729,0.00573,1,0.50001
10.4800,0.54995,-0.43299,0.39889,0.54487,-0.43001,9.9730,0.00600,1,0.50001
10.5000,0.54975,-0.43287,0.39887,0.54444,-0.42975,9.9731,0.00626,1,0.50001
10.5200,0.54952,-0.43274,0.39886,0.54399,-0.42949,9.9732,0.00652,1,0.50001
10.5400,0.54928,-0.43260,0.39885,0.54352,-0.42921,9.9733,0.00679,1,0.50001
10.5600,0.54902,-0.43245,0.39884,0.54303,-0.42892,9.9734,0.00705,1,0.50001
10.5800,0.54874,-0.43229,0.39883,0.54253,-0.42861,9.9735,0.00731,1,0.50001
10.6000,0.54844,-0.43212,0.39882,0.54201,-0.42830,9.9736,0.00757,1,0.50001
10.6200,0.54813,-0.43193,0.39881,0.54148,-0.42798,9.9738,0.00783,1,0.50001
10.6400,0.54780,-0.43174,0.39879,0.54092,-0.42764,9.9739,0.00809,1,0.50001
10.6600,0.54744,-0.43153,0.39878,0.54035,-0.42730,9.9741,0.00835,1,0.50001
10.6800,0.54707,-0.43132,0.39877,0.53976,-0.42694,9.9743,0.00861,1,0.50001
10.7000,0.54669,-0.43109,0.39876,0.53916,-0.42657,9.9745,0.00887,1,0.50001
10.7200,0.54628,-0.43085,0.39875,0.53854,-0.42619,9.9747,0.00912,1,0.50001
10.7400,0.54586,-0.43060,0.39874,0.53790,-0.42580,9.9749,0.00938,1,0.50001
10.7600,0.54541,-0.43034,0.39873,0.53725,-0.42540,9.9751,0.00963,1,0.50001
10.7800,0.54495,-0.43006,0.39872,0.53658,-0.42498,9.9754,0.00988,1,0.50001
10.8000,0.54447,-0.42978,0.39871,0.53589,-0.42455,9.9757,0.01013,1,0.50001
10.8200,0.54398,-0.42948,0.39869,0.53519,-0.42412,9.9759,0.01038,1,0.50001
10.8400,0.54346,-0.42918,0.39868,0.53447,-0.42367,9.9762,0.01063,1,0.50001
10.8600,0.54293,-0.42886,0.39867,0.53373,-0.42321,9.9766,0.01088,1,0.50001
10.8800,0.54238,-0.42853,0.39866,0.53298,-0.42273,9.9769,0.01112,1,0.50001
10.9000,0.54181,-0.42819,0.39865,0.53222,-0.42225,9.9772,0.01136,1,0.50001
10.9200,0.54122,-0.42783,0.39864,0.53143,-0.42175,9.9776,0.01161,1,0.50001
10.9400,0.54062,-0.42746,0.39863,0.53063,-0.42124,9.9780,0.01185,1,0.50001
10.9600,0.54000,-0.42709,0.39862,0.52982,-0.42072,9.9784,0.01209,1,0.50001
10.9800,0.53936,-0.42670,0.39861,0.52899,-0.42018,9.9788,0.01232,1,0.50001
11.0000,0.53870,-0.42629,0.39860,0.52814,-0.41964,9.9793,0.01256,1,0.50001
11.0200,0.53802,-0.42588,0.39859,0.52728,-0.41908,9.9797,0.01279,1,0.50001
11.0400,0.53733,-0.42545,0.39858,0.52641,-0.41851,9.9802,0.01302,1,0.50001
11.0600,0.53662,-0.42501,0.39857,0.52552,-0.41792,9.9807,0.01325,1,0.50001
11.0800,0.53589,-0.42456,0.39856,0.52461,-0.41733,9.9813,0.01348,1,0.50001
11.1000,0.53514,-0.42409,0.39855,0.52369,-0.41672,9.9818,0.01370,1,0.50001
11.1200,0.53438,-0.42362,0.39853,0.52275,-0.41609,9.9824,0.01393,1,0.50001
11.1400,0.53360,-0.42313,0.39852,0.52180,-0.41546,9.9830,0.01415,1,0.50001
11.1600,0.53280,-0.42262,0.39851,0.52084,-0.41481,9.9836,0.01437,1,0.50001
11.1800,0.53199,-0.42211,0.39850,0.51986,-0.41415,9.9842,0.01458,1,0.50001
11.2000,0.53115,-0.42158,0.39849,0.51886,-0.41347,9.9849,0.01480,1,0.50001
11.2200,0.53031,-0.42103,0.39848,0.51785,-0.41279,9.9856,0.01501,1,0.50001
11.2400,0.52944,-0.42048,0.39847,0.51683,-0.41209,9.9863,0.01522,1,0.50001
11.2600,0.52856,-0.41991,0.39846,0.51579,-0.41137,9.9871,0.01543,1,0.50001
11.2800,0.52766,-0.41933,0.39845,0.51474,-0.41064,9.9878,0.01564,1,0.50001
11.3000,0.52674,-0.41873,0.39844,0.51368,-0.40990,9.9886,0.01584,1,0.50001
11.3200,0.52581,-0.41812,0.39843,0.51260,-0.40915,9.9894,0.01604,1,0.50001
11.3400,0.52486,-0.41750,0.39842,0.51151,-0.40838,9.9903,0.01624,1,0.50001
11.3600,0.52390,-0.41686,0.39841,0.51040,-0.40760,9.9912,0.01644,1,0.50001
11.3800,0.52291,-0.41621,0.39840,0.50929,-0.40680,9.9921,0.01664,1,0.50001
11.4000,0.52192,-0.41554,0.39839,0.50816,-0.40599,9.9930,0.01683,1,0.50001
11.4200,0.52091,-0.41486,0.39838,0.50701,-0.40516,9.9939,0.01702,1,0.50001
11.4400,0.51988,-0.41417,0.39837,0.50586,-0.40433,9.9949,0.01721,1,0.50001
11.4600,0.51883,-0.41346,0.39836,0.50469,-0.40347,9.9959,0.01739,1,0.50001
11.4800,0.51777,-0.41274,0.39835,0.50350,-0.40260,9.9970,0.01758,1,0.50001
11.5000,0.51670,-0.41200,0.39834,0.50231,-0.40172,9.9981,0.01776,1,0.50001
11.5200,0.51561,-0.41125,0.39833,0.50110,-0.40083,9.9992,0.01794,1,0.50001
11.5400,0.51450,-0.41048,0.39832,0.49989,-0.39992,10.0003,0.01812,1,0.50001
11.5600,0.51339,-0.40970,0.39832,0.49866,-0.39899,10.0015,0.01829,1,0.50001
11.5800,0.51225,-0.40891,0.39831,0.49742,-0.39805,10.0027,0.01846,1,0.50001
11.6000,0.51110,-0.40810,0.39830,0.49616,-0.39709,10.0039,0.01863,1,0.50001
11.6200,0.50994,-0.40727,0.39829,0.49490,-0.39612,10.0051,0.01880,1,0.50001
11.6400,0.50876,-0.40643,0.39828,0.49362,-0.39514,10.0064,0.01897,1,0.50001
11.6600,0.50757,-0.40557,0.39827,0.49234,-0.39414,10.0078,0.01913,1,0.50001
11.6800,0.50637,-0.40470,0.39826,0.49104,-0.39312,10.0091,0.01929,1,0.50001
11.7000,0.50515,-0.40382,0.39825,0.48973,-0.39209,10.0105,0.01945,1,0.50001
11.7200,0.50392,-0.40291,0.39824,0.48841,-0.39104,10.0120,0.01961,1,0.50001
11.7400,0.50267,-0.40200,0.39823,0.48708,-0.38998,10.0134,0.01976,1,0.50001
11.7600,0.50142,-0.40106,0.39822,0.48574,-0.38890,10.0149,0.01992,1,0.50001
11.7800,0.50015,-0.40011,0.39821,0.48440,-0.38781,10.0165,0.02007,1,0.50001
11.8000,0.49886,-0.39915,0.39820,0.48304,-0.38670,10.0180,0.02022,1,0.50001
11.8200,0.49757,-0.39817,0.39819,0.48167,-0.38557,10.0196,0.02036,1,0.50001
11.8400,0.49626,-0.39717,0.39818,0.48029,-0.38443,10.0213,0.02051,1,0.50001
11.8600,0.49494,-0.39616,0.39817,0.47891,-0.38327,10.0230,0.02065,1,0.50001
11.8800,0.49361,-0.39513,0.39816,0.47751,-0.38210,10.0247,0.02079,1,0.50001
11.9000,0.49226,-0.39408,0.39815,0.47611,-0.38091,10.0265,0.02093,1,0.50001
11.9200,0.49091,-0.39302,0.39814,0.47469,-0.37970,10.0283,0.02107,1,0.50001
11.9400,0.48954,-0.39194,0.39813,0.47327,-0.37848,10.0301,0.02120,1,0.50001
11.9600,0.48817,-0.39085,0.39812,0.47184,-0.37724,10.0320,0.02134,1,0.50001
11.9800,0.48678,-0.38974,0.39811,0.47040,-0.37599,10.0340,0.02147,1,0.50001
12.0000,0.48538,-0.38861,0.39810,0.46896,-0.37471,10.0360,0.02160,1,0.50001
12.0200,0.48397,-0.38747,0.39809,0.46751,-0.37343,10.0380,0.02172,1,0.50001
12.0400,0.48255,-0.38631,0.39808,0.46604,-0.37212,10.0401,0.02185,1,0.50001
12.0600,0.48113,-0.38513,0.39807,0.46458,-0.37080,10.0422,0.02197,1,0.50001
12.0800,0.47969,-0.38393,0.39806,0.46310,-0.36946,10.0444,0.02210,1,0.50001
12.1000,0.47824,-0.38272,0.39804,0.46162,-0.36810,10.0466,0.02222,1,0.50001
12.1200,0.47678,-0.38149,0.39803,0.46013,-0.36673,10.0488,0.02234,1,0.50001
12.1400,0.47532,-0.38024,0.39802,0.45864,-0.36534,10.0512,0.02245,1,0.50001
12.1600,0.47384,-0.37898,0.39801,0.45714,-0.36393,10.0535,0.02257,1,0.50001
12.1800,0.47236,-0.37770,0.39800,0.45563,-0.36251,10.0559,0.02268,1,0.50001
12.2000,0.47087,-0.37640,0.39799,0.45412,-0.36107,10.0584,0.02279,1,0.50001
12.2200,0.46937,-0.37508,0.39798,0.45261,-0.35961,10.0610,0.02290,1,0.50001
12.2400,0.46786,-0.37375,0.39797,0.45108,-0.35813,10.0636,0.02301,1,0.50001
12.2600,0.46635,-0.37240,0.39796,0.44956,-0.35664,10.0662,0.02312,1,0.50001
12.2800,0.46483,-0.37103,0.39795,0.44802,-0.35512,10.0689,0.02323,1,0.50001
12.3000,0.46330,-0.36964,0.39794,0.44649,-0.35359,10.0717,0.02333,1,0.50001
12.3200,0.46176,-0.36824,0.39793,0.44495,-0.35205,10.0745,0.02343,1,0.50001
12.3400,0.46022,-0.36681,0.39792,0.44340,-0.35048,10.0774,0.02353,1,0.50001
12.3600,0.45867,-0.36537,0.39791,0.44185,-0.34890,10.0804,0.02363,1,0.50001
12.3800,0.45711,-0.36391,0.39790,0.44030,-0.34730,10.0834,0.02373,1,0.50001
12.4000,0.45555,-0.36244,0.39789,0.43875,-0.34568,10.0865,0.02383,1,0.50001
12.4200,0.45399,-0.36094,0.39788,0.43719,-0.34405,10.0897,0.02392,1,0.50001
12.4400,0.45242,-0.35943,0.39786,0.43563,-0.34239,10.0929,0.02401,1,0.50001
12.4600,0.45084,-0.35790,0.39785,0.43406,-0.34072,10.0962,0.02411,1,0.50001
12.4800,0.44926,-0.35635,0.39784,0.43250,-0.33903,10.0996,0.02420,1,0.50001
12.5000,0.44767,-0.35478,0.39783,0.43093,-0.33732,10.1031,0.02428,1,0.50001
12.5200,0.44608,-0.35319,0.39782,0.42936,-0.33560,10.1066,0.02437,1,0.50001
12.5400,0.44448,-0.35159,0.39781,0.42779,-0.33385,10.1102,0.02446,1,0.50001
12.5600,0.44289,-0.34996,0.39780,0.42621,-0.33209,10.1139,0.02454,1,0.50001
12.5800,0.44128,-0.34832,0.39779,0.42464,-0.33031,10.1177,0.02462,1,0.50001
12.6000,0.43968,-0.34666,0.39778,0.42306,-0.32851,10.1216,0.02471,1,0.50001
12.6200,0.43807,-0.34498,0.39777,0.42149,-0.32669,10.1256,0.02479,1,0.50001
12.6400,0.43646,-0.34328,0.39776,0.41991,-0.32486,10.1296,0.02486,1,0.50001
12.6600,0.43484,-0.34156,0.39775,0.41833,-0.32300,10.1338,0.02494,1,0.50001
12.6800,0.43323,-0.33983,0.39774,0.41676,-0.32113,10.1380,0.02502,1,0.50001
12.7000,0.43161,-0.33807,0.39773,0.41518,-0.31924,10.1423,0.02509,1,0.50001
12.7200,0.42999,-0.33630,0.39772,0.41361,-0.31733,10.1468,0.02516,1,0.50001
12.7400,0.42837,-0.33450,0.39771,0.41203,-0.31541,10.1513,0.02523,1,0.50001
12.7600,0.42674,-0.33269,0.39770,0.41046,-0.31346,10.1560,0.02530,1,0.50001
12.7800,0.42512,-0.33086,0.39769,0.40889,-0.31150,10.1607,0.02537,1,0.50001
12.8000,0.42350,-0.32901,0.39768,0.40732,-0.30952,10.1656,0.02544,1,0.50001
12.8200,0.42187,-0.32714,0.39768,0.40575,-0.30752,10.1705,0.02550,1,0.50001
12.8400,0.42024,-0.32525,0.39767,0.40418,-0.30550,10.1756,0.02557,1,0.50001
12.8600,0.41862,-0.32335,0.39766,0.40262,-0.30346,10.1808,0.02563,1,0.50001
12.8800,0.41699,-0.32142,0.39765,0.40106,-0.30141,10.1861,0.02569,1,0.50001
12.9000,0.41537,-0.31947,0.39764,0.39950,-0.29933,10.1915,0.02575,1,0.50001
12.9200,0.41375,-0.31751,0.39763,0.39795,-0.29724,10.1970,0.02581,1,0.50001
12.9400,0.41212,-0.31553,0.39763,0.39640,-0.29513,10.2027,0.02586,1,0.50001
12.9600,0.41050,-0.31352,0.39762,0.39485,-0.29300,10.2085,0.02592,1,0.50001
12.9800,0.40888,-0.31150,0.39761,0.39330,-0.29086,10.2144,0.02597,1,0.50001
13.0000,0.40727,-0.30946,0.39761,0.39177,-0.28869,10.2204,0.02602,1,0.50001
13.0200,0.40565,-0.30740,0.39760,0.39023,-0.28651,10.2266,0.02607,1,0.50001
13.0400,0.40404,-0.30532,0.39759,0.38870,-0.28431,10.2329,0.02612,1,0.50001
13.0600,0.40243,-0.30322,0.39759,0.38718,-0.28209,10.2394,0.02617,1,0.50001
13.0800,0.40082,-0.30110,0.39758,0.38566,-0.27986,10.2460,0.02621,1,0.50001
13.1000,0.39922,-0.29897,0.39758,0.38414,-0.27760,10.2527,0.02626,1,0.50001
13.1200,0.39762,-0.29681,0.39757,0.38264,-0.27533,10.2596,0.02630,1,0.50001
13.1400,0.39603,-0.29463,0.39757,0.38113,-0.27304,10.2666,0.02634,1,0.50001
13.1600,0.39443,-0.29244,0.39757,0.37964,-0.27073,10.2737,0.02638,1,0.50001
13.1800,0.39285,-0.29023,0.39756,0.37815,-0.26841,10.2810,0.02642,1,0.50001
13.2000,0.39126,-0.28799,0.39756,0.37667,-0.26607,10.2885,0.02645,1,0.50001
13.2200,0.38969,-0.28574,0.39756,0.37519,-0.26371,10.2961,0.02649,1,0.50001
13.2400,0.38812,-0.28347,0.39755,0.37373,-0.26133,10.3039,0.02652,1,0.50001
13.2600,0.38655,-0.28118,0.39755,0.37227,-0.25893,10.3118,0.02655,1,0.50001
13.2800,0.38499,-0.27887,0.39755,0.37082,-0.25652,10.3199,0.02658,1,0.50001
13.3000,0.38343,-0.27655,0.39755,0.36937,-0.25409,10.3281,0.02661,1,0.50001
13.3200,0.38189,-0.27420,0.39755,0.36794,-0.25164,10.3365,0.02664,1,0.50001
13.3400,0.38035,-0.27184,0.39755,0.36651,-0.24918,10.3450,0.02666,1,0.50001
13.3600,0.37881,-0.26945,0.39755,0.36510,-0.24669,10.3537,0.02668,1,0.50001
13.3800,0.37728,-0.26705,0.39755,0.36369,-0.24420,10.3626,0.02671,1,0.50001
13.4000,0.37576,-0.26463,0.39755,0.36229,-0.24168,10.3716,0.02673,1,0.50001
13.4200,0.37425,-0.26219,0.39756,0.36090,-0.23915,10.3808,0.02674,1,0.50001
13.4400,0.37275,-0.25974,0.39756,0.35952,-0.23660,10.3902,0.02676,1,0.50001
13.4600,0.37125,-0.25726,0.39756,0.35815,-0.23403,10.3997,0.02678,1,0.50001
13.4800,0.36977,-0.25477,0.39757,0.35680,-0.23145,10.4094,0.02679,1,0.50001
13.5000,0.36829,-0.25225,0.39757,0.35545,-0.22885,10.4192,0.02680,1,0.50001
13.5200,0.36682,-0.24972,0.39758,0.35411,-0.22624,10.4292,0.02681,1,0.50001
13.5400,0.36536,-0.24718,0.39758,0.35279,-0.22361,10.4393,0.02682,1,0.50001
13.5600,0.36391,-0.24461,0.39759,0.35147,-0.22096,10.4496,0.02683,1,0.50001
13.5800,0.36247,-0.24203,0.39760,0.35017,-0.21830,10.4601,0.02683,1,0.50001
13.6000,0.36104,-0.23942,0.39761,0.34888,-0.21562,10.4707,0.02683,1,0.50001
13.6200,0.35962,-0.23681,0.39762,0.34761,-0.21293,10.4814,0.02684,1,0.50001
13.6400,0.35822,-0.23417,0.39763,0.34634,-0.21022,10.4923,0.02684,1,0.50001
13.6600,0.35682,-0.23151,0.39764,0.34509,-0.20750,10.5033,0.02683,1,0.50001
13.6800,0.35543,-0.22884,0.39765,0.34385,-0.20476,10.5145,0.02683,1,0.50001
13.7000,0.35406,-0.22616,0.39766,0.34262,-0.20200,10.5258,0.02683,1,0.50001
13.7200,0.35270,-0.22345,0.39767,0.34141,-0.19923,10.5372,0.02682,1,0.50001
13.7400,0.35135,-0.22073,0.39769,0.34021,-0.19645,10.5487,0.02681,1,0.50001
13.7600,0.35001,-0.21799,0.39770,0.33902,-0.19365,10.5603,0.02680,1,0.50001
13.7800,0.34869,-0.21523,0.39772,0.33785,-0.19084,10.5720,0.02679,1,0.50001
13.8000,0.34738,-0.21246,0.39773,0.33669,-0.18801,10.5838,0.02678,1,0.50001
13.8200,0.34608,-0.20967,0.39775,0.33555,-0.18517,10.5956,0.02676,1,0.50001
13.8400,0.34479,-0.20687,0.39777,0.33442,-0.18231,10.6075,0.02675,1,0.50001
13.8600,0.34352,-0.20405,0.39779,0.33331,-0.17945,10.6195,0.02673,1,0.50001
13.8800,0.34226,-0.20121,0.39781,0.33221,-0.17656,10.6315,0.02671,1,0.50001
13.9000,0.34102,-0.19836,0.39783,0.33113,-0.17367,10.6436,0.02669,1,0.50001
13.9200,0.33979,-0.19549,0.39785,0.33006,-0.17076,10.6556,0.02667,1,0.50002
13.9400,0.33858,-0.19261,0.39788,0.32901,-0.16783,10.6677,0.02664,1,0.50002
13.9600,0.33738,-0.18971,0.39790,0.32797,-0.16490,10.6797,0.02662,1,0.50002
13.9800,0.33619,-0.18680,0.39793,0.32696,-0.16195,10.6917,0.02659,1,0.50002
14.0000,0.33502,-0.18387,0.39795,0.32595,-0.15899,10.7036,0.02656,1,0.50002
14.0200,0.33387,-0.18093,0.39798,0.32497,-0.15602,10.7155,0.02653,1,0.50002
14.0400,0.33273,-0.17797,0.39801,0.32400,-0.15303,10.7272,0.02650,1,0.50002
14.0600,0.33161,-0.17500,0.39804,0.32304,-0.15004,10.7388,0.02646,1,0.50002
14.0800,0.33051,-0.17201,0.39807,0.32211,-0.14703,10.7503,0.02643,1,0.50002
14.1000,0.32942,-0.16901,0.39811,0.32119,-0.14401,10.7616,0.02639,1,0.50002
14.1200,0.32835,-0.16600,0.39814,0.32029,-0.14098,10.7727,0.02635,1,0.50002
14.1400,0.32729,-0.16297,0.39818,0.31940,-0.13794,10.7836,0.02631,1,0.50002
14.1600,0.32626,-0.15994,0.39821,0.31854,-0.13488,10.7942,0.02627,1,0.50002
14.1800,0.32524,-0.15688,0.39825,0.31769,-0.13182,10.8046,0.02623,1,0.50002
14.2000,0.32423,-0.15382,0.39829,0.31686,-0.12875,10.8146,0.02619,1,0.50002
14.2200,0.32325,-0.15074,0.39833,0.31605,-0.12566,10.8243,0.02614,1,0.50002
14.2400,0.32228,-0.14765,0.39838,0.31526,-0.12257,10.8337,0.02609,1,0.50002
14.2600,0.32133,-0.14454,0.39842,0.31448,-0.11946,10.8426,0.02605,1,0.50002
14.2800,0.32040,-0.14143,0.39847,0.31373,-0.11635,10.8511,0.02600,1,0.50002
14.3000,0.31949,-0.13830,0.39851,0.31299,-0.11323,10.8592,0.02594,1,0.50002
14.3200,0.31860,-0.13516,0.39856,0.31227,-0.11010,10.8667,0.02589,1,0.50002
14.3400,0.31773,-0.13201,0.39861,0.31157,-0.10696,10.8738,0.02584,1,0.50002
14.3600,0.31687,-0.12885,0.39866,0.31089,-0.10381,10.8803,0.02578,1,0.50002
14.3800,0.31604,-0.12568,0.39872,0.31024,-0.10065,10.8862,0.02572,1,0.50002
14.4000,0.31522,-0.12249,0.39877,0.30960,-0.09748,10.8916,0.02566,1,0.50002
14.4200,0.31442,-0.11930,0.39883,0.30898,-0.09431,10.8963,0.02560,1,0.50002
14.4400,0.31365,-0.11610,0.39889,0.30837,-0.09113,10.9004,0.02554,1,0.50002
14.4600,0.31289,-0.11288,0.39895,0.30779,-0.08794,10.9038,0.02548,1,0.50002
14.4800,0.31216,-0.10966,0.39901,0.30723,-0.08475,10.9065,0.02541,1,0.50002
14.5000,0.31144,-0.10642,0.39908,0.30669,-0.08154,10.9086,0.02535,1,0.50002
14.5200,0.31074,-0.10318,0.39914,0.30617,-0.07833,10.9099,0.02528,1,0.50002
14.5400,0.31007,-0.09993,0.39921,0.30567,-0.07512,10.9106,0.02521,1,0.50002
14.5600,0.30942,-0.09667,0.39928,0.30520,-0.07190,10.9105,0.02514,1,0.50002
14.5800,0.30878,-0.09340,0.39935,0.30474,-0.06867,10.9097,0.02506,1,0.50002
14.6000,0.30817,-0.09012,0.39943,0.30430,-0.06544,10.9083,0.02499,1,0.50002
14.6200,0.30758,-0.08683,0.39950,0.30388,-0.06220,10.9061,0.02491,1,0.50002
14.6400,0.30701,-0.08354,0.39958,0.30349,-0.05895,10.9033,0.02484,1,0.50002
14.6600,0.30646,-0.08023,0.39966,0.30311,-0.05571,10.8998,0.02476,1,0.50002
14.6800,0.30593,-0.07692,0.39974,0.30276,-0.05245,10.8957,0.02468,1,0.50002
14.7000,0.30543,-0.07361,0.39983,0.30243,-0.04920,10.8911,0.02459,1,0.50002
14.7200,0.30495,-0.07028,0.39991,0.30211,-0.04593,10.8859,0.02451,1,0.50002
14.7400,0.30448,-0.06695,0.40000,0.30182,-0.04267,10.8802,0.02443,1,0.50002
14.7600,0.30404,-0.06361,0.40009,0.30155,-0.03940,10.8741,0.02434,1,0.50002
14.7800,0.30363,-0.06027,0.40018,0.30131,-0.03613,10.8676,0.02425,1,0.50002
14.8000,0.30323,-0.05692,0.40028,0.30108,-0.03285,10.8608,0.02416,1,0.50002
14.8200,0.30286,-0.05356,0.40037,0.30088,-0.02958,10.8537,0.02407,1,0.50002
14.8400,0.30251,-0.05020,0.40047,0.30069,-0.02630,10.8465,0.02398,1,0.50002
14.8600,0.30218,-0.04684,0.40057,0.30053,-0.02301,10.8392,0.02389,1,0.50002
14.8800,0.30187,-0.04347,0.40067,0.30039,-0.01973,10.8318,0.02380,1,0.50002
14.9000,0.30159,-0.04010,0.40077,0.30027,-0.01644,10.8246,0.02370,1,0.50002
14.9200,0.30133,-0.03672,0.40088,0.30017,-0.01316,10.8175,0.02361,1,0.50002
14.9400,0.30109,-0.03334,0.40098,0.30010,-0.00987,10.8106,0.02351,1,0.50002
14.9600,0.30088,-0.02995,0.40109,0.30004,-0.00658,10.8040,0.02341,1,0.50002
14.9800,0.30069,-0.02656,0.40120,0.30001,-0.00329,10.7978,0.02331,1,0.50002
15.0000,0.30052,-0.02317,0.40131,0.30000,0.00000,10.7921,0.02322,1,0.50002
15.0200,0.30037,-0.01978,0.40142,0.30001,0.00329,10.7870,0.02312,1,0.50002
15.0400,0.30025,-0.01639,0.40154,0.30004,0.00658,10.7825,0.02302,1,0.50002
15.0600,0.30015,-0.01299,0.40165,0.30010,0.00987,10.7787,0.02292,1,0.50002
15.0800,0.30008,-0.00960,0.40177,0.30017,0.01316,10.7757,0.02282,1,0.50002
15.1000,0.30002,-0.00620,0.40188,0.30027,0.01644,10.7734,0.02273,1,0.50002
15.1200,0.29999,-0.00281,0.40200,0.30039,0.01973,10.7720,0.02263,1,0.50002
15.1400,0.29999,0.00058,0.40211,0.30053,0.02301,10.7715,0.02254,1,0.50002
15.1600,0.30000,0.00398,0.40223,0.30069,0.02630,10.7719,0.02244,1,0.50002
15.1800,0.30004,0.00737,0.40235,0.30088,0.02958,10.7732,0.02235,1,0.50002
15.2000,0.30010,0.01075,0.40246,0.30108,0.03285,10.7754,0.02226,1,0.50002
15.2200,0.30019,0.01414,0.40258,0.30131,0.03613,10.7785,0.02217,1,0.50002
15.2400,0.30030,0.01752,0.40269,0.30155,0.03940,10.7825,0.02208,1,0.50002
15.2600,0.30043,0.02089,0.40281,0.30182,0.04267,10.7873,0.02200,1,0.50002
15.2800,0.30058,0.02426,0.40292,0.30211,0.04593,10.7929,0.02192,1,0.50002
15.3000,0.30075,0.02763,0.40303,0.30243,0.04920,10.7992,0.02184,1,0.50002
15.3200,0.30095,0.03099,0.40314,0.30276,0.05245,10.8062,0.02177,1,0.50002
15.3400,0.30117,0.03434,0.40325,0.30311,0.05571,10.8136,0.02170,1,0.50002
15.3600,0.30141,0.03768,0.40335,0.30349,0.05895,10.8216,0.02163,1,0.50002
15.3800,0.30168,0.04102,0.40346,0.30388,0.06220,10.8298,0.02157,1,0.50002
15.4000,0.30196,0.04434,0.40356,0.30430,0.06544,10.8383,0.02152,1,0.50002
15.4200,0.30227,0.04766,0.40365,0.30474,0.06867,10.8469,0.02147,1,0.50002
15.4400,0.30260,0.05097,0.40375,0.30520,0.07190,10.8555,0.02142,1,0.50002
15.4600,0.30295,0.05426,0.40384,0.30567,0.07512,10.8639,0.02138,1,0.50002
15.4800,0.30332,0.05755,0.40392,0.30617,0.07833,10.8721,0.02135,1,0.50002
15.5000,0.30371,0.06082,0.40401,0.30669,0.08154,10.8799,0.02132,1,0.50002
15.5200,0.30412,0.06408,0.40408,0.30723,0.08475,10.8872,0.02129,1,0.50002
15.5400,0.30455,0.06733,0.40416,0.30779,0.08794,10.8939,0.02128,1,0.50002
15.5600,0.30500,0.07056,0.40422,0.30837,0.09113,10.8998,0.02127,1,0.50002
15.5800,0.30547,0.07378,0.40429,0.30898,0.09431,10.9050,0.02126,1,0.50002
15.6000,0.30596,0.07699,0.40434,0.30960,0.09748,10.9093,0.02126,1,0.50002
15.6200,0.30647,0.08018,0.40440,0.31024,0.10065,10.9126,0.02127,1,0.50002
15.6400,0.30700,0.08336,0.40444,0.31089,0.10381,10.9150,0.02129,1,0.50002
15.6600,0.30754,0.08652,0.40448,0.31157,0.10696,10.9162,0.02131,1,0.50002
15.6800,0.30811,0.08967,0.40452,0.31227,0.11010,10.9165,0.02134,1,0.50002
15.7000,0.30869,0.09280,0.40455,0.31299,0.11323,10.9156,0.02137,1,0.50002
15.7200,0.30929,0.09591,0.40457,0.31373,0.11635,10.9137,0.02141,1,0.50002
15.7400,0.30991,0.09901,0.40459,0.31448,0.11946,10.9107,0.02145,1,0.50002
15.7600,0.31054,0.10210,0.40460,0.31526,0.12257,10.9066,0.02150,1,0.50002
15.7800,0.31119,0.10517,0.40461,0.31605,0.12566,10.9016,0.02156,1,0.50002
15.8000,0.31186,0.10823,0.40461,0.31686,0.12875,10.8956,0.02162,1,0.50002
15.8200,0.31254,0.11127,0.40460,0.31769,0.13182,10.8887,0.02168,1,0.50002
15.8400,0.31324,0.11429,0.40460,0.31854,0.13488,10.8810,0.02175,1,0.50002
15.8600,0.31396,0.11730,0.40458,0.31940,0.13794,10.8726,0.02183,1,0.50002
15.8800,0.31469,0.12030,0.40456,0.32029,0.14098,10.8635,0.02190,1,0.50002
15.9000,0.31544,0.12328,0.40454,0.32119,0.14401,10.8537,0.02198,1,0.50002
15.9200,0.31621,0.12625,0.40451,0.32211,0.14703,10.8435,0.02207,1,0.50002
15.9400,0.31699,0.12920,0.40448,0.32304,0.15004,10.8328,0.02215,1,0.50002
15.9600,0.31778,0.13215,0.40444,0.32400,0.15303,10.8218,0.02224,1,0.50002
15.9800,0.31859,0.13507,0.40440,0.32497,0.15602,10.8105,0.02233,1,0.50002
16.0000,0.31942,0.13799,0.40436,0.32595,0.15899,10.7990,0.02242,1,0.50002
16.0200,0.32026,0.14089,0.40432,0.32696,0.16195,10.7873,0.02251,1,0.50002
16.0400,0.32112,0.14379,0.40427,0.32797,0.16490,10.7755,0.02261,1,0.50002
16.0600,0.32200,0.14667,0.40422,0.32901,0.16783,10.7637,0.02270,1,0.50002
16.0800,0.32289,0.14953,0.40417,0.33006,0.17076,10.7519,0.02279,1,0.50002
16.1000,0.32379,0.15239,0.40412,0.33113,0.17367,10.7402,0.02288,1,0.50002
16.1200,0.32471,0.15524,0.40407,0.33221,0.17656,10.7285,0.02297,1,0.50002
16.1400,0.32564,0.15807,0.40402,0.33331,0.17945,10.7170,0.02306,1,0.50002
16.1600,0.32660,0.16090,0.40397,0.33442,0.18231,10.7056,0.02315,1,0.50002
16.1800,0.32756,0.16371,0.40392,0.33555,0.18517,10.6943,0.02323,1,0.50002
16.2000,0.32854,0.16651,0.40387,0.33669,0.18801,10.6832,0.02332,1,0.50002
16.2200,0.32954,0.16930,0.40381,0.33785,0.19084,10.6722,0.02340,1,0.50002
16.2400,0.33055,0.17209,0.40376,0.33902,0.19365,10.6614,0.02347,1,0.50002
16.2600,0.33157,0.17486,0.40372,0.34021,0.19645,10.6508,0.02355,1,0.50001
16.2800,0.33261,0.17762,0.40367,0.34141,0.19923,10.6403,0.02362,1,0.50001
16.3000,0.33366,0.18037,0.40362,0.34262,0.20200,10.6300,0.02369,1,0.50001
16.3200,0.33473,0.18311,0.40358,0.34385,0.20476,10.6197,0.02376,1,0.50001
16.3400,0.33582,0.18584,0.40353,0.34509,0.20750,10.6096,0.02382,1,0.50001
16.3600,0.33691,0.18856,0.40349,0.34634,0.21022,10.5996,0.02388,1,0.50001
16.3800,0.33802,0.19126,0.40345,0.34761,0.21293,10.5896,0.02394,1,0.50001
16.4000,0.33915,0.19396,0.40342,0.34888,0.21562,10.5797,0.02400,1,0.50001
16.4200,0.34029,0.19664,0.40338,0.35017,0.21830,10.5699,0.02405,1,0.50001
16.4400,0.34144,0.19931,0.40334,0.35147,0.22096,10.5601,0.02410,1,0.50001
16.4600,0.34261,0.20197,0.40331,0.35279,0.22361,10.5503,0.02414,1,0.50001
16.4800,0.34378,0.20462,0.40328,0.35411,0.22624,10.5406,0.02418,1,0.50001
16.5000,0.34497,0.20726,0.40325,0.35545,0.22885,10.5309,0.02422,1,0.50001
16.5200,0.34618,0.20988,0.40322,0.35680,0.23145,10.5212,0.02426,1,0.50001
16.5400,0.34739,0.21249,0.40320,0.35815,0.23403,10.5114,0.02429,1,0.50001
16.5600,0.34862,0.21509,0.40317,0.35952,0.23660,10.5017,0.02433,1,0.50001
16.5800,0.34986,0.21767,0.40314,0.36090,0.23915,10.4920,0.02435,1,0.50001
16.6000,0.35111,0.22024,0.40312,0.36229,0.24168,10.4824,0.02438,1,0.50001
16.6200,0.35238,0.22280,0.40310,0.36369,0.24420,10.4727,0.02440,1,0.50001
16.6400,0.35365,0.22534,0.40307,0.36510,0.24669,10.4630,0.02442,1,0.50001
16.6600,0.35494,0.22787,0.40305,0.36651,0.24918,10.4534,0.02444,1,0.50001
16.6800,0.35623,0.23038,0.40303,0.36794,0.25164,10.4438,0.02446,1,0.50001
16.7000,0.35754,0.23288,0.40301,0.36937,0.25409,10.4343,0.02447,1,0.50001
16.7200,0.35886,0.23536,0.40299,0.37082,0.25652,10.4248,0.02449,1,0.50001
16.7400,0.36018,0.23783,0.40296,0.37227,0.25893,10.4153,0.02450,1,0.50001
16.7600,0.36152,0.24029,0.40294,0.37373,0.26133,10.4060,0.02450,1,0.50001
16.7800,0.36286,0.24273,0.40292,0.37519,0.26371,10.3967,0.02451,1,0.50001
16.8000,0.36422,0.24515,0.40289,0.37667,0.26607,10.3875,0.02451,1,0.50001
16.8200,0.36558,0.24756,0.40287,0.37815,0.26841,10.3784,0.02451,1,0.50001
16.8400,0.36696,0.24996,0.40285,0.37964,0.27073,10.3694,0.02451,1,0.50001
16.8600,0.36834,0.25233,0.40282,0.38113,0.27304,10.3605,0.02451,1,0.50001
16.8800,0.36973,0.25470,0.40279,0.38264,0.27533,10.3517,0.02450,1,0.50001
16.9000,0.37113,0.25704,0.40277,0.38414,0.27760,10.3431,0.02449,1,0.50001
16.9200,0.37253,0.25938,0.40274,0.38566,0.27986,10.3346,0.02448,1,0.50001
16.9400,0.37395,0.26169,0.40271,0.38718,0.28209,10.3262,0.02447,1,0.50001
16.9600,0.37537,0.26399,0.40268,0.38870,0.28431,10.3179,0.02445,1,0.50001
16.9800,0.37680,0.26628,0.40265,0.39023,0.28651,10.3098,0.02443,1,0.50001
17.0000,0.37823,0.26855,0.40262,0.39177,0.28869,10.3019,0.02441,1,0.50001
17.0200,0.37968,0.27080,0.40259,0.39330,0.29086,10.2940,0.02439,1,0.50001
17.0400,0.38113,0.27304,0.40255,0.39485,0.29300,10.2864,0.02436,1,0.50001
17.0600,0.38258,0.27526,0.40252,0.39640,0.29513,10.2788,0.02433,1,0.50001
17.0800,0.38405,0.27747,0.40248,0.39795,0.29724,10.2715,0.02430,1,0.50001
17.1000,0.38552,0.27966,0.40245,0.39950,0.29933,10.2642,0.02426,1,0.50001
17.1200,0.38699,0.28183,0.40241,0.40106,0.30141,10.2571,0.02423,1,0.50001
17.1400,0.38847,0.28399,0.40237,0.40262,0.30346,10.2502,0.02419,1,0.50001
17.1600,0.38996,0.28613,0.40233,0.40418,0.30550,10.2433,0.02414,1,0.50001
17.1800,0.39145,0.28826,0.40230,0.40575,0.30752,10.2367,0.02410,1,0.50001
17.2000,0.39295,0.29037,0.40226,0.40732,0.30952,10.2301,0.02405,1,0.50001
17.2200,0.39445,0.29246,0.40222,0.40889,0.31150,10.2237,0.02400,1,0.50001
17.2400,0.39595,0.29454,0.40218,0.41046,0.31346,10.2174,0.02394,1,0.50001
17.2600,0.39746,0.29660,0.40214,0.41203,0.31541,10.2112,0.02388,1,0.50001
17.2800,0.39898,0.29864,0.40209,0.41361,0.31733,10.2052,0.02383,1,0.50001
17.3000,0.40050,0.30067,0.40205,0.41518,0.31924,10.1993,0.02376,1,0.50001
17.3200,0.40202,0.30268,0.40201,0.41676,0.32113,10.1935,0.02370,1,0.50001
17.3400,0.40355,0.30468,0.40197,0.41833,0.32300,10.1878,0.02363,1,0.50001
17.3600,0.40507,0.30666,0.40193,0.41991,0.32486,10.1822,0.02356,1,0.50001
17.3800,0.40661,0.30862,0.40189,0.42149,0.32669,10.1768,0.02349,1,0.50001
17.4000,0.40814,0.31057,0.40185,0.42306,0.32851,10.1714,0.02341,1,0.50001
17.4200,0.40968,0.31250,0.40181,0.42464,0.33031,10.1662,0.02333,1,0.50001
17.4400,0.41121,0.31441,0.40176,0.42621,0.33209,10.1610,0.02325,1,0.50001
17.4600,0.41276,0.31630,0.40172,0.42779,0.33385,10.1560,0.02317,1,0.50001
17.4800,0.41430,0.31818,0.40168,0.42936,0.33560,10.1511,0.02308,1,0.50001
17.5000,0.41584,0.32004,0.40164,0.43093,0.33732,10.1462,0.02300,1,0.50001
17.5200,0.41739,0.32189,0.40160,0.43250,0.33903,10.1415,0.02291,1,0.50001
17.5400,0.41893,0.32372,0.40156,0.43406,0.34072,10.1369,0.02281,1,0.50001
17.5600,0.42048,0.32553,0.40152,0.43563,0.34239,10.1323,0.02272,1,0.50001
17.5800,0.42202,0.32732,0.40149,0.43719,0.34405,10.1279,0.02262,1,0.50001
17.6000,0.42357,0.32910,0.40145,0.43875,0.34568,10.1235,0.02253,1,0.50001
17.6200,0.42512,0.33086,0.40141,0.44030,0.34730,10.1192,0.02243,1,0.50001
17.6400,0.42666,0.33260,0.40137,0.44185,0.34890,10.1150,0.02232,1,0.50001
17.6600,0.42820,0.33433,0.40134,0.44340,0.35048,10.1109,0.02222,1,0.50001
17.6800,0.42975,0.33604,0.40130,0.44495,0.35205,10.1069,0.02211,1,0.50001
17.7000,0.43129,0.33773,0.40127,0.44649,0.35359,10.1030,0.02201,1,0.50001
17.7200,0.43283,0.33940,0.40123,0.44802,0.35512,10.0992,0.02190,1,0.50001
17.7400,0.43437,0.34106,0.40120,0.44956,0.35664,10.0954,0.02179,1,0.50001
17.7600,0.43591,0.34270,0.40116,0.45108,0.35813,10.0918,0.02168,1,0.50001
17.7800,0.43744,0.34432,0.40113,0.45261,0.35961,10.0882,0.02156,1,0.50001
17.8000,0.43897,0.34593,0.40110,0.45412,0.36107,10.0847,0.02145,1,0.50001
17.8200,0.44050,0.34751,0.40107,0.45563,0.36251,10.0812,0.02133,1,0.50001
17.8400,0.44202,0.34908,0.40104,0.45714,0.36393,10.0779,0.02121,1,0.50001
17.8600,0.44355,0.35064,0.40101,0.45864,0.36534,10.0746,0.02109,1,0.50001
17.8800,0.44506,0.35218,0.40098,0.46013,0.36673,10.0714,0.02097,1,0.50001
17.9000,0.44658,0.35369,0.40095,0.46162,0.36810,10.0683,0.02085,1,0.50001
17.9200,0.44809,0.35520,0.40092,0.46310,0.36946,10.0653,0.02073,1,0.50001
17.9400,0.44959,0.35668,0.40089,0.46458,0.37080,10.0623,0.02060,1,0.50001
17.9600,0.45109,0.35815,0.40086,0.46604,0.37212,10.0594,0.02048,1,0.50001
17.9800,0.45259,0.35960,0.40084,0.46751,0.37343,10.0566,0.02035,1,0.50001
18.0000,0.45408,0.36104,0.40081,0.46896,0.37471,10.0539,0.02022,1,0.50001
18.0200,0.45557,0.36246,0.40078,0.47040,0.37599,10.0512,0.02009,1,0.50001
18.0400,0.45705,0.36386,0.40076,0.47184,0.37724,10.0486,0.01996,1,0.50001
18.0600,0.45852,0.36524,0.40073,0.47327,0.37848,10.0460,0.01983,1,0.50001
18.0800,0.45999,0.36661,0.40071,0.47469,0.37970,10.0435,0.01970,1,0.50001
18.1000,0.46145,0.36796,0.40068,0.47611,0.38091,10.0411,0.01957,1,0.50001
18.1200,0.46291,0.36929,0.40066,0.47751,0.38210,10.0387,0.01943,1,0.50001
18.1400,0.46436,0.37061,0.40064,0.47891,0.38327,10.0364,0.01929,1,0.50001
18.1600,0.46580,0.37191,0.40062,0.48029,0.38443,10.0342,0.01916,1,0.50001
18.1800,0.46724,0.37320,0.40059,0.48167,0.38557,10.0320,0.01902,1,0.50001
18.2000,0.46867,0.37447,0.40057,0.48304,0.38670,10.0299,0.01888,1,0.50001
18.2200,0.47009,0.37572,0.40055,0.48440,0.38781,10.0278,0.01874,1,0.50001
18.2400,0.47150,0.37696,0.40053,0.48574,0.38890,10.0258,0.01859,1,0.50001
18.2600,0.47291,0.37818,0.40051,0.48708,0.38998,10.0238,0.01845,1,0.50001
18.2800,0.47431,0.37938,0.40049,0.48841,0.39104,10.0219,0.01830,1,0.50001
18.3000,0.47570,0.38057,0.40047,0.48973,0.39209,10.0200,0.01816,1,0.50001
18.3200,0.47708,0.38175,0.40045,0.49104,0.39312,10.0182,0.01801,1,0.50001
18.3400,0.47845,0.38290,0.40043,0.49234,0.39414,10.0164,0.01786,1,0.50001
18.3600,0.47982,0.38405,0.40041,0.49362,0.39514,10.0147,0.01771,1,0.50001
18.3800,0.48117,0.38517,0.40039,0.49490,0.39612,10.0130,0.01756,1,0.50001
18.4000,0.48252,0.38628,0.40037,0.49616,0.39709,10.0114,0.01741,1,0.50001
18.4200,0.48386,0.38738,0.40035,0.49742,0.39805,10.0098,0.01726,1,0.50001
18.4400,0.48519,0.38846,0.40033,0.49866,0.39899,10.0083,0.01710,1,0.50001
18.4600,0.48651,0.38952,0.40031,0.49989,0.39992,10.0068,0.01694,1,0.50001
18.4800,0.48782,0.39057,0.40029,0.50110,0.40083,10.0053,0.01679,1,0.50001
18.5000,0.48912,0.39161,0.40028,0.50231,0.40172,10.0038,0.01663,1,0.50001
18.5200,0.49041,0.39263,0.40026,0.50350,0.40260,10.0024,0.01647,1,0.50001
18.5400,0.49169,0.39364,0.40024,0.50469,0.40347,10.0011,0.01631,1,0.50001
18.5600,0.49295,0.39463,0.40022,0.50586,0.40433,9.9998,0.01614,1,0.50001
18.5800,0.49421,0.39560,0.40021,0.50701,0.40516,9.9985,0.01598,1,0.50001
18.6000,0.49546,0.39656,0.40019,0.50816,0.40599,9.9972,0.01581,1,0.50001
18.6200,0.49670,0.39751,0.40017,0.50929,0.40680,9.9960,0.01564,1,0.50001
18.6400,0.49793,0.39844,0.40015,0.51040,0.40760,9.9948,0.01548,1,0.50001
18.6600,0.49914,0.39936,0.40014,0.51151,0.40838,9.9936,0.01531,1,0.50001
18.6800,0.50035,0.40027,0.40012,0.51260,0.40915,9.9925,0.01513,1,0.50001
18.7000,0.50154,0.40116,0.40010,0.51368,0.40990,9.9914,0.01496,1,0.50001
18.7200,0.50272,0.40203,0.40009,0.51474,0.41064,9.9903,0.01479,1,0.50001
18.7400,0.50389,0.40290,0.40007,0.51579,0.41137,9.9893,0.01461,1,0.50001
18.7600,0.50505,0.40375,0.40005,0.51683,0.41209,9.9883,0.01443,1,0.50001
18.7800,0.50620,0.40458,0.40004,0.51785,0.41279,9.9873,0.01425,1,0.50001
18.8000,0.50733,0.40540,0.40002,0.51886,0.41347,9.9863,0.01407,1,0.50001
18.8200,0.50845,0.40621,0.40000,0.51986,0.41415,9.9854,0.01389,1,0.50001
18.8400,0.50956,0.40701,0.39999,0.52084,0.41481,9.9845,0.01371,1,0.50001
18.8600,0.51066,0.40779,0.39997,0.52180,0.41546,9.9836,0.01352,1,0.50001
18.8800,0.51175,0.40856,0.39996,0.52275,0.41609,9.9827,0.01334,1,0.50001
18.9000,0.51282,0.40931,0.39994,0.52369,0.41672,9.9819,0.01315,1,0.50001
18.9200,0.51388,0.41005,0.39992,0.52461,0.41733,9.9810,0.01296,1,0.50001
18.9400,0.51493,0.41078,0.39991,0.52552,0.41792,9.9802,0.01277,1,0.50001
18.9600,0.51596,0.41150,0.39989,0.52641,0.41851,9.9795,0.01258,1,0.50001
18.9800,0.51699,0.41220,0.39988,0.52728,0.41908,9.9787,0.01238,1,0.50001
19.0000,0.51799,0.41289,0.39986,0.52814,0.41964,9.9780,0.01219,1,0.50001
19.0200,0.51899,0.41357,0.39985,0.52899,0.42018,9.9773,0.01199,1,0.50001
19.0400,0.51997,0.41423,0.39983,0.52982,0.42072,9.9766,0.01179,1,0.50001
19.0600,0.52094,0.41489,0.39982,0.53063,0.42124,9.9759,0.01159,1,0.50001
19.0800,0.52189,0.41553,0.39980,0.53143,0.42175,9.9753,0.01139,1,0.50001
19.1000,0.52283,0.41616,0.39978,0.53222,0.42225,9.9746,0.01119,1,0.50001
19.1200,0.52376,0.41677,0.39977,0.53298,0.42273,9.9740,0.01098,1,0.50001
19.1400,0.52467,0.41737,0.39976,0.53373,0.42321,9.9734,0.01078,1,0.50001
19.1600,0.52557,0.41797,0.39974,0.53447,0.42367,9.9728,0.01057,1,0.50001
19.1800,0.52646,0.41855,0.39973,0.53519,0.42412,9.9723,0.01036,1,0.50001
19.2000,0.52733,0.41911,0.39971,0.53589,0.42455,9.9717,0.01015,1,0.50001
19.2200,0.52818,0.41967,0.39970,0.53658,0.42498,9.9712,0.00994,1,0.50001
19.2400,0.52903,0.42021,0.39968,0.53725,0.42540,9.9707,0.00972,1,0.50001
19.2600,0.52985,0.42075,0.39967,0.53790,0.42580,9.9702,0.00951,1,0.50001
19.2800,0.53067,0.42127,0.39965,0.53854,0.42619,9.9697,0.00929,1,0.50001
19.3000,0.53146,0.42178,0.39964,0.53916,0.42657,9.9692,0.00908,1,0.50001
19.3200,0.53225,0.42227,0.39962,0.53976,0.42694,9.9688,0.00886,1,0.50001
19.3400,0.53302,0.42276,0.39961,0.54035,0.42730,9.9683,0.00863,1,0.50001
19.3600,0.53377,0.42323,0.39960,0.54092,0.42764,9.9679,0.00841,1,0.50001
19.3800,0.53451,0.42370,0.39958,0.54148,0.42798,9.9675,0.00819,1,0.50001
19.4000,0.53523,0.42415,0.39957,0.54201,0.42830,9.9671,0.00796,1,0.50001
19.4200,0.53594,0.42459,0.39956,0.54253,0.42861,9.9667,0.00774,1,0.50001
19.4400,0.53663,0.42502,0.39954,0.54303,0.42892,9.9663,0.00751,1,0.50001
19.4600,0.53731,0.42544,0.39953,0.54352,0.42921,9.9660,0.00728,1,0.50001
19.4800,0.53797,0.42585,0.39951,0.54399,0.42949,9.9656,0.00705,1,0.50001
19.5000,0.53862,0.42624,0.39950,0.54444,0.42975,9.9653,0.00682,1,0.50001
19.5200,0.53925,0.42663,0.39949,0.54487,0.43001,9.9650,0.00658,1,0.50001
19.5400,0.53986,0.42701,0.39947,0.54529,0.43026,9.9647,0.00635,1,0.50001
19.5600,0.54046,0.42737,0.39946,0.54569,0.43049,9.9643,0.00611,1,0.50001
19.5800,0.54104,0.42772,0.39945,0.54607,0.43072,9.9641,0.00588,1,0.50001
19.6000,0.54161,0.42807,0.39943,0.54643,0.43093,9.9638,0.00564,1,0.50001
19.6200,0.54216,0.42840,0.39942,0.54678,0.43114,9.9635,0.00540,1,0.50001
19.6400,0.54270,0.42872,0.39941,0.54711,0.43133,9.9632,0.00516,1,0.50001
19.6600,0.54322,0.42903,0.39940,0.54742,0.43151,9.9630,0.00492,1,0.50001
19.6800,0.54372,0.42933,0.39938,0.54771,0.43168,9.9627,0.00467,1,0.50001
19.7000,0.54421,0.42962,0.39937,0.54799,0.43185,9.9625,0.00443,1,0.50001
19.7200,0.54468,0.42990,0.39936,0.54825,0.43200,9.9623,0.00419,1,0.50001
19.7400,0.54513,0.43017,0.39934,0.54849,0.43214,9.9620,0.00394,1,0.50001
19.7600,0.54557,0.43043,0.39933,0.54871,0.43227,9.9618,0.00370,1,0.50001
19.7800,0.54599,0.43068,0.39932,0.54892,0.43239,9.9616,0.00345,1,0.50001
19.8000,0.54640,0.43092,0.39931,0.54911,0.43250,9.9614,0.00321,1,0.50001
19.8200,0.54679,0.43115,0.39929,0.54928,0.43259,9.9612,0.00296,1,0.50001
19.8400,0.54716,0.43137,0.39928,0.54943,0.43268,9.9611,0.00272,1,0.50001
19.8600,0.54751,0.43157,0.39927,0.54956,0.43276,9.9609,0.00248,1,0.50001
19.8800,0.54785,0.43177,0.39926,0.54968,0.43283,9.9607,0.00224,1,0.50001
19.9000,0.54817,0.43196,0.39924,0.54978,0.43288,9.9606,0.00200,1,0.50001
19.9200,0.54848,0.43214,0.39923,0.54986,0.43293,9.9604,0.00177,1,0.50001
19.9400,0.54876,0.43230,0.39922,0.54992,0.43297,9.9603,0.00155,1,0.50001
19.9600,0.54903,0.43246,0.39921,0.54996,0.43299,9.9601,0.00133,1,0.50001
19.9800,0.54929,0.43261,0.39919,0.54999,0.43301,9.9600,0.00114,1,0.50001
